0,70,67,500000,397173710,,slot=0;src=70;dst=67;rate_mbps=1.2;flow_size_byte=500000;packet_lambda_per_s=None;packet_size_byte=1500;lambda_mode=flow_per_pair_rate_mbps
1,70,67,500000,937095107,,slot=0;src=70;dst=67;rate_mbps=1.2;flow_size_byte=500000;packet_lambda_per_s=None;packet_size_byte=1500;lambda_mode=flow_per_pair_rate_mbps
2,71,75,500000,3260544607,,slot=3;src=71;dst=75;rate_mbps=1.2;flow_size_byte=500000;packet_lambda_per_s=None;packet_size_byte=1500;lambda_mode=flow_per_pair_rate_mbps
3,72,68,500000,3500686309,,slot=3;src=72;dst=68;rate_mbps=1.2;flow_size_byte=500000;packet_lambda_per_s=None;packet_size_byte=1500;lambda_mode=flow_per_pair_rate_mbps
4,68,72,500000,4446580022,,slot=4;src=68;dst=72;rate_mbps=1.2;flow_size_byte=500000;packet_lambda_per_s=None;packet_size_byte=1500;lambda_mode=flow_per_pair_rate_mbps
5,75,71,500000,4824509870,,slot=4;src=75;dst=71;rate_mbps=1.2;flow_size_byte=500000;packet_lambda_per_s=None;packet_size_byte=1500;lambda_mode=flow_per_pair_rate_mbps
6,72,68,500000,4835453064,,slot=4;src=72;dst=68;rate_mbps=1.2;flow_size_byte=500000;packet_lambda_per_s=None;packet_size_byte=1500;lambda_mode=flow_per_pair_rate_mbps
7,72,68,500000,5035453064,,slot=4;src=72;dst=68;rate_mbps=1.2;flow_size_byte=500000;packet_lambda_per_s=None;packet_size_byte=1500;lambda_mode=flow_per_pair_rate_mbps
8,68,72,500000,5274333613,,slot=5;src=68;dst=72;rate_mbps=1.2;flow_size_byte=500000;packet_lambda_per_s=None;packet_size_byte=1500;lambda_mode=flow_per_pair_rate_mbps
9,69,74,500000,5443883053,,slot=5;src=69;dst=74;rate_mbps=1.2;flow_size_byte=500000;packet_lambda_per_s=None;packet_size_byte=1500;lambda_mode=flow_per_pair_rate_mbps
10,74,69,500000,6278164787,,slot=6;src=74;dst=69;rate_mbps=1.2;flow_size_byte=500000;packet_lambda_per_s=None;packet_size_byte=1500;lambda_mode=flow_per_pair_rate_mbps
11,70,67,500000,7327236680,,slot=7;src=70;dst=67;rate_mbps=1.2;flow_size_byte=500000;packet_lambda_per_s=None;packet_size_byte=1500;lambda_mode=flow_per_pair_rate_mbps
12,68,72,500000,7760322054,,slot=7;src=68;dst=72;rate_mbps=1.2;flow_size_byte=500000;packet_lambda_per_s=None;packet_size_byte=1500;lambda_mode=flow_per_pair_rate_mbps
13,72,68,500000,7786125458,,slot=7;src=72;dst=68;rate_mbps=1.2;flow_size_byte=500000;packet_lambda_per_s=None;packet_size_byte=1500;lambda_mode=flow_per_pair_rate_mbps
14,73,66,500000,8042294773,,slot=8;src=73;dst=66;rate_mbps=1.2;flow_size_byte=500000;packet_lambda_per_s=None;packet_size_byte=1500;lambda_mode=flow_per_pair_rate_mbps
15,66,73,500000,8108956694,,slot=8;src=66;dst=73;rate_mbps=1.2;flow_size_byte=500000;packet_lambda_per_s=None;packet_size_byte=1500;lambda_mode=flow_per_pair_rate_mbps
16,69,74,500000,9255050741,,slot=9;src=69;dst=74;rate_mbps=1.2;flow_size_byte=500000;packet_lambda_per_s=None;packet_size_byte=1500;lambda_mode=flow_per_pair_rate_mbps
17,68,72,500000,9831389153,,slot=9;src=68;dst=72;rate_mbps=1.2;flow_size_byte=500000;packet_lambda_per_s=None;packet_size_byte=1500;lambda_mode=flow_per_pair_rate_mbps
18,66,73,500000,9918015397,,slot=9;src=66;dst=73;rate_mbps=1.2;flow_size_byte=500000;packet_lambda_per_s=None;packet_size_byte=1500;lambda_mode=flow_per_pair_rate_mbps
19,69,74,500000,11302142809,,slot=11;src=69;dst=74;rate_mbps=1.2;flow_size_byte=500000;packet_lambda_per_s=None;packet_size_byte=1500;lambda_mode=flow_per_pair_rate_mbps
20,74,69,500000,11499490553,,slot=11;src=74;dst=69;rate_mbps=1.2;flow_size_byte=500000;packet_lambda_per_s=None;packet_size_byte=1500;lambda_mode=flow_per_pair_rate_mbps
21,72,68,500000,11739669725,,slot=11;src=72;dst=68;rate_mbps=1.2;flow_size_byte=500000;packet_lambda_per_s=None;packet_size_byte=1500;lambda_mode=flow_per_pair_rate_mbps
22,70,67,500000,12094857087,,slot=12;src=70;dst=67;rate_mbps=1.2;flow_size_byte=500000;packet_lambda_per_s=None;packet_size_byte=1500;lambda_mode=flow_per_pair_rate_mbps
23,71,75,500000,12231181581,,slot=12;src=71;dst=75;rate_mbps=1.2;flow_size_byte=500000;packet_lambda_per_s=None;packet_size_byte=1500;lambda_mode=flow_per_pair_rate_mbps
24,72,68,500000,12422783748,,slot=12;src=72;dst=68;rate_mbps=1.2;flow_size_byte=500000;packet_lambda_per_s=None;packet_size_byte=1500;lambda_mode=flow_per_pair_rate_mbps
25,69,74,500000,12900999023,,slot=12;src=69;dst=74;rate_mbps=1.2;flow_size_byte=500000;packet_lambda_per_s=None;packet_size_byte=1500;lambda_mode=flow_per_pair_rate_mbps
26,70,67,500000,13476452196,,slot=13;src=70;dst=67;rate_mbps=1.2;flow_size_byte=500000;packet_lambda_per_s=None;packet_size_byte=1500;lambda_mode=flow_per_pair_rate_mbps
27,74,69,500000,13699409550,,slot=13;src=74;dst=69;rate_mbps=1.2;flow_size_byte=500000;packet_lambda_per_s=None;packet_size_byte=1500;lambda_mode=flow_per_pair_rate_mbps
28,74,69,500000,13899409550,,slot=13;src=74;dst=69;rate_mbps=1.2;flow_size_byte=500000;packet_lambda_per_s=None;packet_size_byte=1500;lambda_mode=flow_per_pair_rate_mbps
29,68,72,500000,15082334504,,slot=15;src=68;dst=72;rate_mbps=1.2;flow_size_byte=500000;packet_lambda_per_s=None;packet_size_byte=1500;lambda_mode=flow_per_pair_rate_mbps
30,75,71,500000,15322927711,,slot=15;src=75;dst=71;rate_mbps=1.2;flow_size_byte=500000;packet_lambda_per_s=None;packet_size_byte=1500;lambda_mode=flow_per_pair_rate_mbps
31,72,68,500000,15944343155,,slot=15;src=72;dst=68;rate_mbps=1.2;flow_size_byte=500000;packet_lambda_per_s=None;packet_size_byte=1500;lambda_mode=flow_per_pair_rate_mbps
32,70,67,500000,16044429749,,slot=16;src=70;dst=67;rate_mbps=1.2;flow_size_byte=500000;packet_lambda_per_s=None;packet_size_byte=1500;lambda_mode=flow_per_pair_rate_mbps
33,67,70,500000,16178860088,,slot=16;src=67;dst=70;rate_mbps=1.2;flow_size_byte=500000;packet_lambda_per_s=None;packet_size_byte=1500;lambda_mode=flow_per_pair_rate_mbps
34,70,67,500000,16337943987,,slot=16;src=70;dst=67;rate_mbps=1.2;flow_size_byte=500000;packet_lambda_per_s=None;packet_size_byte=1500;lambda_mode=flow_per_pair_rate_mbps
35,66,73,500000,16527700414,,slot=16;src=66;dst=73;rate_mbps=1.2;flow_size_byte=500000;packet_lambda_per_s=None;packet_size_byte=1500;lambda_mode=flow_per_pair_rate_mbps
36,73,66,500000,17212717543,,slot=17;src=73;dst=66;rate_mbps=1.2;flow_size_byte=500000;packet_lambda_per_s=None;packet_size_byte=1500;lambda_mode=flow_per_pair_rate_mbps
37,69,74,500000,17330399710,,slot=17;src=69;dst=74;rate_mbps=1.2;flow_size_byte=500000;packet_lambda_per_s=None;packet_size_byte=1500;lambda_mode=flow_per_pair_rate_mbps
38,71,75,500000,17377416899,,slot=17;src=71;dst=75;rate_mbps=1.2;flow_size_byte=500000;packet_lambda_per_s=None;packet_size_byte=1500;lambda_mode=flow_per_pair_rate_mbps
39,70,67,500000,17434038858,,slot=17;src=70;dst=67;rate_mbps=1.2;flow_size_byte=500000;packet_lambda_per_s=None;packet_size_byte=1500;lambda_mode=flow_per_pair_rate_mbps
40,69,74,500000,17530399710,,slot=17;src=69;dst=74;rate_mbps=1.2;flow_size_byte=500000;packet_lambda_per_s=None;packet_size_byte=1500;lambda_mode=flow_per_pair_rate_mbps
41,71,75,500000,17577416899,,slot=17;src=71;dst=75;rate_mbps=1.2;flow_size_byte=500000;packet_lambda_per_s=None;packet_size_byte=1500;lambda_mode=flow_per_pair_rate_mbps
42,67,70,500000,17579277469,,slot=17;src=67;dst=70;rate_mbps=1.2;flow_size_byte=500000;packet_lambda_per_s=None;packet_size_byte=1500;lambda_mode=flow_per_pair_rate_mbps
43,66,73,500000,17781284186,,slot=17;src=66;dst=73;rate_mbps=1.2;flow_size_byte=500000;packet_lambda_per_s=None;packet_size_byte=1500;lambda_mode=flow_per_pair_rate_mbps
44,67,70,500000,17886606655,,slot=17;src=67;dst=70;rate_mbps=1.2;flow_size_byte=500000;packet_lambda_per_s=None;packet_size_byte=1500;lambda_mode=flow_per_pair_rate_mbps
45,74,69,500000,18266505550,,slot=18;src=74;dst=69;rate_mbps=1.2;flow_size_byte=500000;packet_lambda_per_s=None;packet_size_byte=1500;lambda_mode=flow_per_pair_rate_mbps
46,67,70,500000,20856310529,,slot=20;src=67;dst=70;rate_mbps=1.2;flow_size_byte=500000;packet_lambda_per_s=None;packet_size_byte=1500;lambda_mode=flow_per_pair_rate_mbps
47,70,67,500000,21265225093,,slot=21;src=70;dst=67;rate_mbps=1.2;flow_size_byte=500000;packet_lambda_per_s=None;packet_size_byte=1500;lambda_mode=flow_per_pair_rate_mbps
48,74,69,500000,21491449141,,slot=21;src=74;dst=69;rate_mbps=1.2;flow_size_byte=500000;packet_lambda_per_s=None;packet_size_byte=1500;lambda_mode=flow_per_pair_rate_mbps
49,72,68,500000,21937603888,,slot=21;src=72;dst=68;rate_mbps=1.2;flow_size_byte=500000;packet_lambda_per_s=None;packet_size_byte=1500;lambda_mode=flow_per_pair_rate_mbps
50,74,69,500000,21995672809,,slot=21;src=74;dst=69;rate_mbps=1.2;flow_size_byte=500000;packet_lambda_per_s=None;packet_size_byte=1500;lambda_mode=flow_per_pair_rate_mbps
51,70,67,500000,22427669046,,slot=22;src=70;dst=67;rate_mbps=1.2;flow_size_byte=500000;packet_lambda_per_s=None;packet_size_byte=1500;lambda_mode=flow_per_pair_rate_mbps
52,74,69,500000,22538560577,,slot=22;src=74;dst=69;rate_mbps=1.2;flow_size_byte=500000;packet_lambda_per_s=None;packet_size_byte=1500;lambda_mode=flow_per_pair_rate_mbps
53,66,73,500000,23176903589,,slot=23;src=66;dst=73;rate_mbps=1.2;flow_size_byte=500000;packet_lambda_per_s=None;packet_size_byte=1500;lambda_mode=flow_per_pair_rate_mbps
54,74,69,500000,23275331284,,slot=23;src=74;dst=69;rate_mbps=1.2;flow_size_byte=500000;packet_lambda_per_s=None;packet_size_byte=1500;lambda_mode=flow_per_pair_rate_mbps
55,68,72,500000,23807165335,,slot=23;src=68;dst=72;rate_mbps=1.2;flow_size_byte=500000;packet_lambda_per_s=None;packet_size_byte=1500;lambda_mode=flow_per_pair_rate_mbps
56,75,71,500000,24485936429,,slot=24;src=75;dst=71;rate_mbps=1.2;flow_size_byte=500000;packet_lambda_per_s=None;packet_size_byte=1500;lambda_mode=flow_per_pair_rate_mbps
57,72,68,500000,24778709546,,slot=24;src=72;dst=68;rate_mbps=1.2;flow_size_byte=500000;packet_lambda_per_s=None;packet_size_byte=1500;lambda_mode=flow_per_pair_rate_mbps
58,68,72,500000,25461300263,,slot=25;src=68;dst=72;rate_mbps=1.2;flow_size_byte=500000;packet_lambda_per_s=None;packet_size_byte=1500;lambda_mode=flow_per_pair_rate_mbps
59,66,73,500000,25482419412,,slot=25;src=66;dst=73;rate_mbps=1.2;flow_size_byte=500000;packet_lambda_per_s=None;packet_size_byte=1500;lambda_mode=flow_per_pair_rate_mbps
60,67,70,500000,25853215709,,slot=25;src=67;dst=70;rate_mbps=1.2;flow_size_byte=500000;packet_lambda_per_s=None;packet_size_byte=1500;lambda_mode=flow_per_pair_rate_mbps
61,74,69,500000,26023863664,,slot=26;src=74;dst=69;rate_mbps=1.2;flow_size_byte=500000;packet_lambda_per_s=None;packet_size_byte=1500;lambda_mode=flow_per_pair_rate_mbps
62,71,75,500000,26642956062,,slot=26;src=71;dst=75;rate_mbps=1.2;flow_size_byte=500000;packet_lambda_per_s=None;packet_size_byte=1500;lambda_mode=flow_per_pair_rate_mbps
63,74,69,500000,27086349977,,slot=27;src=74;dst=69;rate_mbps=1.2;flow_size_byte=500000;packet_lambda_per_s=None;packet_size_byte=1500;lambda_mode=flow_per_pair_rate_mbps
64,72,68,500000,27442059165,,slot=27;src=72;dst=68;rate_mbps=1.2;flow_size_byte=500000;packet_lambda_per_s=None;packet_size_byte=1500;lambda_mode=flow_per_pair_rate_mbps
65,75,71,500000,27471767169,,slot=27;src=75;dst=71;rate_mbps=1.2;flow_size_byte=500000;packet_lambda_per_s=None;packet_size_byte=1500;lambda_mode=flow_per_pair_rate_mbps
66,73,66,500000,27478830265,,slot=27;src=73;dst=66;rate_mbps=1.2;flow_size_byte=500000;packet_lambda_per_s=None;packet_size_byte=1500;lambda_mode=flow_per_pair_rate_mbps
67,73,66,500000,27769310950,,slot=27;src=73;dst=66;rate_mbps=1.2;flow_size_byte=500000;packet_lambda_per_s=None;packet_size_byte=1500;lambda_mode=flow_per_pair_rate_mbps
68,71,75,500000,27887909642,,slot=27;src=71;dst=75;rate_mbps=1.2;flow_size_byte=500000;packet_lambda_per_s=None;packet_size_byte=1500;lambda_mode=flow_per_pair_rate_mbps
69,70,67,500000,28105538726,,slot=28;src=70;dst=67;rate_mbps=1.2;flow_size_byte=500000;packet_lambda_per_s=None;packet_size_byte=1500;lambda_mode=flow_per_pair_rate_mbps
70,67,70,500000,28727237141,,slot=28;src=67;dst=70;rate_mbps=1.2;flow_size_byte=500000;packet_lambda_per_s=None;packet_size_byte=1500;lambda_mode=flow_per_pair_rate_mbps
71,75,71,500000,28920427100,,slot=28;src=75;dst=71;rate_mbps=1.2;flow_size_byte=500000;packet_lambda_per_s=None;packet_size_byte=1500;lambda_mode=flow_per_pair_rate_mbps
72,68,72,500000,29446313525,,slot=29;src=68;dst=72;rate_mbps=1.2;flow_size_byte=500000;packet_lambda_per_s=None;packet_size_byte=1500;lambda_mode=flow_per_pair_rate_mbps
73,72,68,500000,29463733124,,slot=29;src=72;dst=68;rate_mbps=1.2;flow_size_byte=500000;packet_lambda_per_s=None;packet_size_byte=1500;lambda_mode=flow_per_pair_rate_mbps
74,67,70,500000,29583224993,,slot=29;src=67;dst=70;rate_mbps=1.2;flow_size_byte=500000;packet_lambda_per_s=None;packet_size_byte=1500;lambda_mode=flow_per_pair_rate_mbps
75,70,67,500000,29648030718,,slot=29;src=70;dst=67;rate_mbps=1.2;flow_size_byte=500000;packet_lambda_per_s=None;packet_size_byte=1500;lambda_mode=flow_per_pair_rate_mbps
76,71,75,500000,30201984594,,slot=30;src=71;dst=75;rate_mbps=1.2;flow_size_byte=500000;packet_lambda_per_s=None;packet_size_byte=1500;lambda_mode=flow_per_pair_rate_mbps
77,68,72,500000,30592458797,,slot=30;src=68;dst=72;rate_mbps=1.2;flow_size_byte=500000;packet_lambda_per_s=None;packet_size_byte=1500;lambda_mode=flow_per_pair_rate_mbps
78,70,67,500000,30939852730,,slot=30;src=70;dst=67;rate_mbps=1.2;flow_size_byte=500000;packet_lambda_per_s=None;packet_size_byte=1500;lambda_mode=flow_per_pair_rate_mbps
79,74,69,500000,31227139055,,slot=31;src=74;dst=69;rate_mbps=1.2;flow_size_byte=500000;packet_lambda_per_s=None;packet_size_byte=1500;lambda_mode=flow_per_pair_rate_mbps
80,70,67,500000,31936241376,,slot=31;src=70;dst=67;rate_mbps=1.2;flow_size_byte=500000;packet_lambda_per_s=None;packet_size_byte=1500;lambda_mode=flow_per_pair_rate_mbps
81,75,71,500000,32684768680,,slot=32;src=75;dst=71;rate_mbps=1.2;flow_size_byte=500000;packet_lambda_per_s=None;packet_size_byte=1500;lambda_mode=flow_per_pair_rate_mbps
82,67,70,500000,33027439003,,slot=33;src=67;dst=70;rate_mbps=1.2;flow_size_byte=500000;packet_lambda_per_s=None;packet_size_byte=1500;lambda_mode=flow_per_pair_rate_mbps
83,67,70,500000,33227439003,,slot=33;src=67;dst=70;rate_mbps=1.2;flow_size_byte=500000;packet_lambda_per_s=None;packet_size_byte=1500;lambda_mode=flow_per_pair_rate_mbps
84,72,68,500000,33272096953,,slot=33;src=72;dst=68;rate_mbps=1.2;flow_size_byte=500000;packet_lambda_per_s=None;packet_size_byte=1500;lambda_mode=flow_per_pair_rate_mbps
85,75,71,500000,33398389025,,slot=33;src=75;dst=71;rate_mbps=1.2;flow_size_byte=500000;packet_lambda_per_s=None;packet_size_byte=1500;lambda_mode=flow_per_pair_rate_mbps
86,73,66,500000,33509819399,,slot=33;src=73;dst=66;rate_mbps=1.2;flow_size_byte=500000;packet_lambda_per_s=None;packet_size_byte=1500;lambda_mode=flow_per_pair_rate_mbps
87,67,70,500000,33863130722,,slot=33;src=67;dst=70;rate_mbps=1.2;flow_size_byte=500000;packet_lambda_per_s=None;packet_size_byte=1500;lambda_mode=flow_per_pair_rate_mbps
88,75,71,500000,33965584249,,slot=33;src=75;dst=71;rate_mbps=1.2;flow_size_byte=500000;packet_lambda_per_s=None;packet_size_byte=1500;lambda_mode=flow_per_pair_rate_mbps
89,69,74,500000,34164062042,,slot=34;src=69;dst=74;rate_mbps=1.2;flow_size_byte=500000;packet_lambda_per_s=None;packet_size_byte=1500;lambda_mode=flow_per_pair_rate_mbps
90,72,68,500000,34491301026,,slot=34;src=72;dst=68;rate_mbps=1.2;flow_size_byte=500000;packet_lambda_per_s=None;packet_size_byte=1500;lambda_mode=flow_per_pair_rate_mbps
91,68,72,500000,35262899853,,slot=35;src=68;dst=72;rate_mbps=1.2;flow_size_byte=500000;packet_lambda_per_s=None;packet_size_byte=1500;lambda_mode=flow_per_pair_rate_mbps
92,72,68,500000,35562146210,,slot=35;src=72;dst=68;rate_mbps=1.2;flow_size_byte=500000;packet_lambda_per_s=None;packet_size_byte=1500;lambda_mode=flow_per_pair_rate_mbps
93,69,74,500000,35610609314,,slot=35;src=69;dst=74;rate_mbps=1.2;flow_size_byte=500000;packet_lambda_per_s=None;packet_size_byte=1500;lambda_mode=flow_per_pair_rate_mbps
94,75,71,500000,35667338076,,slot=35;src=75;dst=71;rate_mbps=1.2;flow_size_byte=500000;packet_lambda_per_s=None;packet_size_byte=1500;lambda_mode=flow_per_pair_rate_mbps
95,72,68,500000,35762146210,,slot=35;src=72;dst=68;rate_mbps=1.2;flow_size_byte=500000;packet_lambda_per_s=None;packet_size_byte=1500;lambda_mode=flow_per_pair_rate_mbps
96,74,69,500000,35878794387,,slot=35;src=74;dst=69;rate_mbps=1.2;flow_size_byte=500000;packet_lambda_per_s=None;packet_size_byte=1500;lambda_mode=flow_per_pair_rate_mbps
97,75,71,500000,36110012525,,slot=36;src=75;dst=71;rate_mbps=1.2;flow_size_byte=500000;packet_lambda_per_s=None;packet_size_byte=1500;lambda_mode=flow_per_pair_rate_mbps
98,74,69,500000,36545328155,,slot=36;src=74;dst=69;rate_mbps=1.2;flow_size_byte=500000;packet_lambda_per_s=None;packet_size_byte=1500;lambda_mode=flow_per_pair_rate_mbps
99,72,68,500000,37056659661,,slot=37;src=72;dst=68;rate_mbps=1.2;flow_size_byte=500000;packet_lambda_per_s=None;packet_size_byte=1500;lambda_mode=flow_per_pair_rate_mbps
100,66,73,500000,37140903866,,slot=37;src=66;dst=73;rate_mbps=1.2;flow_size_byte=500000;packet_lambda_per_s=None;packet_size_byte=1500;lambda_mode=flow_per_pair_rate_mbps
101,73,66,500000,37396196086,,slot=37;src=73;dst=66;rate_mbps=1.2;flow_size_byte=500000;packet_lambda_per_s=None;packet_size_byte=1500;lambda_mode=flow_per_pair_rate_mbps
102,66,73,500000,37775352365,,slot=37;src=66;dst=73;rate_mbps=1.2;flow_size_byte=500000;packet_lambda_per_s=None;packet_size_byte=1500;lambda_mode=flow_per_pair_rate_mbps
103,70,67,500000,38321698216,,slot=38;src=70;dst=67;rate_mbps=1.2;flow_size_byte=500000;packet_lambda_per_s=None;packet_size_byte=1500;lambda_mode=flow_per_pair_rate_mbps
104,67,70,500000,38462917073,,slot=38;src=67;dst=70;rate_mbps=1.2;flow_size_byte=500000;packet_lambda_per_s=None;packet_size_byte=1500;lambda_mode=flow_per_pair_rate_mbps
105,67,70,500000,39180534422,,slot=39;src=67;dst=70;rate_mbps=1.2;flow_size_byte=500000;packet_lambda_per_s=None;packet_size_byte=1500;lambda_mode=flow_per_pair_rate_mbps
106,66,73,500000,39644098626,,slot=39;src=66;dst=73;rate_mbps=1.2;flow_size_byte=500000;packet_lambda_per_s=None;packet_size_byte=1500;lambda_mode=flow_per_pair_rate_mbps
107,68,72,500000,39741827623,,slot=39;src=68;dst=72;rate_mbps=1.2;flow_size_byte=500000;packet_lambda_per_s=None;packet_size_byte=1500;lambda_mode=flow_per_pair_rate_mbps
108,73,66,500000,40669611895,,slot=40;src=73;dst=66;rate_mbps=1.2;flow_size_byte=500000;packet_lambda_per_s=None;packet_size_byte=1500;lambda_mode=flow_per_pair_rate_mbps
109,74,69,500000,40949500014,,slot=40;src=74;dst=69;rate_mbps=1.2;flow_size_byte=500000;packet_lambda_per_s=None;packet_size_byte=1500;lambda_mode=flow_per_pair_rate_mbps
110,66,73,500000,40966220017,,slot=40;src=66;dst=73;rate_mbps=1.2;flow_size_byte=500000;packet_lambda_per_s=None;packet_size_byte=1500;lambda_mode=flow_per_pair_rate_mbps
111,75,71,500000,41303747976,,slot=41;src=75;dst=71;rate_mbps=1.2;flow_size_byte=500000;packet_lambda_per_s=None;packet_size_byte=1500;lambda_mode=flow_per_pair_rate_mbps
112,67,70,500000,42169803694,,slot=42;src=67;dst=70;rate_mbps=1.2;flow_size_byte=500000;packet_lambda_per_s=None;packet_size_byte=1500;lambda_mode=flow_per_pair_rate_mbps
113,72,68,500000,42388260768,,slot=42;src=72;dst=68;rate_mbps=1.2;flow_size_byte=500000;packet_lambda_per_s=None;packet_size_byte=1500;lambda_mode=flow_per_pair_rate_mbps
114,71,75,500000,42428988129,,slot=42;src=71;dst=75;rate_mbps=1.2;flow_size_byte=500000;packet_lambda_per_s=None;packet_size_byte=1500;lambda_mode=flow_per_pair_rate_mbps
115,72,68,500000,43040356560,,slot=43;src=72;dst=68;rate_mbps=1.2;flow_size_byte=500000;packet_lambda_per_s=None;packet_size_byte=1500;lambda_mode=flow_per_pair_rate_mbps
116,66,73,500000,43261382274,,slot=43;src=66;dst=73;rate_mbps=1.2;flow_size_byte=500000;packet_lambda_per_s=None;packet_size_byte=1500;lambda_mode=flow_per_pair_rate_mbps
117,74,69,500000,43916101051,,slot=43;src=74;dst=69;rate_mbps=1.2;flow_size_byte=500000;packet_lambda_per_s=None;packet_size_byte=1500;lambda_mode=flow_per_pair_rate_mbps
118,72,68,500000,44289552718,,slot=44;src=72;dst=68;rate_mbps=1.2;flow_size_byte=500000;packet_lambda_per_s=None;packet_size_byte=1500;lambda_mode=flow_per_pair_rate_mbps
119,72,68,500000,44489552718,,slot=44;src=72;dst=68;rate_mbps=1.2;flow_size_byte=500000;packet_lambda_per_s=None;packet_size_byte=1500;lambda_mode=flow_per_pair_rate_mbps
120,69,74,500000,44747584480,,slot=44;src=69;dst=74;rate_mbps=1.2;flow_size_byte=500000;packet_lambda_per_s=None;packet_size_byte=1500;lambda_mode=flow_per_pair_rate_mbps
121,69,74,500000,44947584480,,slot=44;src=69;dst=74;rate_mbps=1.2;flow_size_byte=500000;packet_lambda_per_s=None;packet_size_byte=1500;lambda_mode=flow_per_pair_rate_mbps
122,66,73,500000,45212782422,,slot=45;src=66;dst=73;rate_mbps=1.2;flow_size_byte=500000;packet_lambda_per_s=None;packet_size_byte=1500;lambda_mode=flow_per_pair_rate_mbps
123,71,75,500000,45249056788,,slot=45;src=71;dst=75;rate_mbps=1.2;flow_size_byte=500000;packet_lambda_per_s=None;packet_size_byte=1500;lambda_mode=flow_per_pair_rate_mbps
124,70,67,500000,45279528701,,slot=45;src=70;dst=67;rate_mbps=1.2;flow_size_byte=500000;packet_lambda_per_s=None;packet_size_byte=1500;lambda_mode=flow_per_pair_rate_mbps
125,73,66,500000,45481064909,,slot=45;src=73;dst=66;rate_mbps=1.2;flow_size_byte=500000;packet_lambda_per_s=None;packet_size_byte=1500;lambda_mode=flow_per_pair_rate_mbps
126,70,67,500000,45551681225,,slot=45;src=70;dst=67;rate_mbps=1.2;flow_size_byte=500000;packet_lambda_per_s=None;packet_size_byte=1500;lambda_mode=flow_per_pair_rate_mbps
127,67,70,500000,46290630353,,slot=46;src=67;dst=70;rate_mbps=1.2;flow_size_byte=500000;packet_lambda_per_s=None;packet_size_byte=1500;lambda_mode=flow_per_pair_rate_mbps
128,74,69,500000,46646924449,,slot=46;src=74;dst=69;rate_mbps=1.2;flow_size_byte=500000;packet_lambda_per_s=None;packet_size_byte=1500;lambda_mode=flow_per_pair_rate_mbps
129,75,71,500000,46870905082,,slot=46;src=75;dst=71;rate_mbps=1.2;flow_size_byte=500000;packet_lambda_per_s=None;packet_size_byte=1500;lambda_mode=flow_per_pair_rate_mbps
130,72,68,500000,48007760210,,slot=48;src=72;dst=68;rate_mbps=1.2;flow_size_byte=500000;packet_lambda_per_s=None;packet_size_byte=1500;lambda_mode=flow_per_pair_rate_mbps
131,73,66,500000,49489012678,,slot=49;src=73;dst=66;rate_mbps=1.2;flow_size_byte=500000;packet_lambda_per_s=None;packet_size_byte=1500;lambda_mode=flow_per_pair_rate_mbps
132,66,73,500000,49535176021,,slot=49;src=66;dst=73;rate_mbps=1.2;flow_size_byte=500000;packet_lambda_per_s=None;packet_size_byte=1500;lambda_mode=flow_per_pair_rate_mbps
133,67,70,500000,49708302251,,slot=49;src=67;dst=70;rate_mbps=1.2;flow_size_byte=500000;packet_lambda_per_s=None;packet_size_byte=1500;lambda_mode=flow_per_pair_rate_mbps
134,70,67,500000,49766049354,,slot=49;src=70;dst=67;rate_mbps=1.2;flow_size_byte=500000;packet_lambda_per_s=None;packet_size_byte=1500;lambda_mode=flow_per_pair_rate_mbps
135,67,70,500000,50174511033,,slot=50;src=67;dst=70;rate_mbps=1.2;flow_size_byte=500000;packet_lambda_per_s=None;packet_size_byte=1500;lambda_mode=flow_per_pair_rate_mbps
136,70,67,500000,50348900882,,slot=50;src=70;dst=67;rate_mbps=1.2;flow_size_byte=500000;packet_lambda_per_s=None;packet_size_byte=1500;lambda_mode=flow_per_pair_rate_mbps
137,66,73,500000,50465053421,,slot=50;src=66;dst=73;rate_mbps=1.2;flow_size_byte=500000;packet_lambda_per_s=None;packet_size_byte=1500;lambda_mode=flow_per_pair_rate_mbps
138,68,72,500000,50758678597,,slot=50;src=68;dst=72;rate_mbps=1.2;flow_size_byte=500000;packet_lambda_per_s=None;packet_size_byte=1500;lambda_mode=flow_per_pair_rate_mbps
139,72,68,500000,50980919227,,slot=50;src=72;dst=68;rate_mbps=1.2;flow_size_byte=500000;packet_lambda_per_s=None;packet_size_byte=1500;lambda_mode=flow_per_pair_rate_mbps
140,73,66,500000,51037735725,,slot=51;src=73;dst=66;rate_mbps=1.2;flow_size_byte=500000;packet_lambda_per_s=None;packet_size_byte=1500;lambda_mode=flow_per_pair_rate_mbps
141,69,74,500000,51163446612,,slot=51;src=69;dst=74;rate_mbps=1.2;flow_size_byte=500000;packet_lambda_per_s=None;packet_size_byte=1500;lambda_mode=flow_per_pair_rate_mbps
142,69,74,500000,51599518160,,slot=51;src=69;dst=74;rate_mbps=1.2;flow_size_byte=500000;packet_lambda_per_s=None;packet_size_byte=1500;lambda_mode=flow_per_pair_rate_mbps
143,74,69,500000,52012709187,,slot=52;src=74;dst=69;rate_mbps=1.2;flow_size_byte=500000;packet_lambda_per_s=None;packet_size_byte=1500;lambda_mode=flow_per_pair_rate_mbps
144,74,69,500000,52463616379,,slot=52;src=74;dst=69;rate_mbps=1.2;flow_size_byte=500000;packet_lambda_per_s=None;packet_size_byte=1500;lambda_mode=flow_per_pair_rate_mbps
145,72,68,500000,52662037590,,slot=52;src=72;dst=68;rate_mbps=1.2;flow_size_byte=500000;packet_lambda_per_s=None;packet_size_byte=1500;lambda_mode=flow_per_pair_rate_mbps
146,73,66,500000,52712822362,,slot=52;src=73;dst=66;rate_mbps=1.2;flow_size_byte=500000;packet_lambda_per_s=None;packet_size_byte=1500;lambda_mode=flow_per_pair_rate_mbps
147,71,75,500000,52759797169,,slot=52;src=71;dst=75;rate_mbps=1.2;flow_size_byte=500000;packet_lambda_per_s=None;packet_size_byte=1500;lambda_mode=flow_per_pair_rate_mbps
148,69,74,500000,52800281016,,slot=52;src=69;dst=74;rate_mbps=1.2;flow_size_byte=500000;packet_lambda_per_s=None;packet_size_byte=1500;lambda_mode=flow_per_pair_rate_mbps
149,74,69,500000,52930638961,,slot=52;src=74;dst=69;rate_mbps=1.2;flow_size_byte=500000;packet_lambda_per_s=None;packet_size_byte=1500;lambda_mode=flow_per_pair_rate_mbps
150,75,71,500000,53743656680,,slot=53;src=75;dst=71;rate_mbps=1.2;flow_size_byte=500000;packet_lambda_per_s=None;packet_size_byte=1500;lambda_mode=flow_per_pair_rate_mbps
151,74,69,500000,54407136905,,slot=54;src=74;dst=69;rate_mbps=1.2;flow_size_byte=500000;packet_lambda_per_s=None;packet_size_byte=1500;lambda_mode=flow_per_pair_rate_mbps
152,66,73,500000,55379431398,,slot=55;src=66;dst=73;rate_mbps=1.2;flow_size_byte=500000;packet_lambda_per_s=None;packet_size_byte=1500;lambda_mode=flow_per_pair_rate_mbps
153,69,74,500000,55523871939,,slot=55;src=69;dst=74;rate_mbps=1.2;flow_size_byte=500000;packet_lambda_per_s=None;packet_size_byte=1500;lambda_mode=flow_per_pair_rate_mbps
154,67,70,500000,55716807654,,slot=55;src=67;dst=70;rate_mbps=1.2;flow_size_byte=500000;packet_lambda_per_s=None;packet_size_byte=1500;lambda_mode=flow_per_pair_rate_mbps
155,66,73,500000,56246161402,,slot=56;src=66;dst=73;rate_mbps=1.2;flow_size_byte=500000;packet_lambda_per_s=None;packet_size_byte=1500;lambda_mode=flow_per_pair_rate_mbps
156,74,69,500000,56406550678,,slot=56;src=74;dst=69;rate_mbps=1.2;flow_size_byte=500000;packet_lambda_per_s=None;packet_size_byte=1500;lambda_mode=flow_per_pair_rate_mbps
157,74,69,500000,56643494672,,slot=56;src=74;dst=69;rate_mbps=1.2;flow_size_byte=500000;packet_lambda_per_s=None;packet_size_byte=1500;lambda_mode=flow_per_pair_rate_mbps
158,66,73,500000,56912403719,,slot=56;src=66;dst=73;rate_mbps=1.2;flow_size_byte=500000;packet_lambda_per_s=None;packet_size_byte=1500;lambda_mode=flow_per_pair_rate_mbps
159,68,72,500000,56976340425,,slot=56;src=68;dst=72;rate_mbps=1.2;flow_size_byte=500000;packet_lambda_per_s=None;packet_size_byte=1500;lambda_mode=flow_per_pair_rate_mbps
160,75,71,500000,57493241085,,slot=57;src=75;dst=71;rate_mbps=1.2;flow_size_byte=500000;packet_lambda_per_s=None;packet_size_byte=1500;lambda_mode=flow_per_pair_rate_mbps
161,66,73,500000,57645957942,,slot=57;src=66;dst=73;rate_mbps=1.2;flow_size_byte=500000;packet_lambda_per_s=None;packet_size_byte=1500;lambda_mode=flow_per_pair_rate_mbps
162,75,71,500000,58206257954,,slot=58;src=75;dst=71;rate_mbps=1.2;flow_size_byte=500000;packet_lambda_per_s=None;packet_size_byte=1500;lambda_mode=flow_per_pair_rate_mbps
163,75,71,500000,58501990390,,slot=58;src=75;dst=71;rate_mbps=1.2;flow_size_byte=500000;packet_lambda_per_s=None;packet_size_byte=1500;lambda_mode=flow_per_pair_rate_mbps
164,72,68,500000,58506834210,,slot=58;src=72;dst=68;rate_mbps=1.2;flow_size_byte=500000;packet_lambda_per_s=None;packet_size_byte=1500;lambda_mode=flow_per_pair_rate_mbps
165,70,67,500000,59155879360,,slot=59;src=70;dst=67;rate_mbps=1.2;flow_size_byte=500000;packet_lambda_per_s=None;packet_size_byte=1500;lambda_mode=flow_per_pair_rate_mbps
166,72,68,500000,59244471425,,slot=59;src=72;dst=68;rate_mbps=1.2;flow_size_byte=500000;packet_lambda_per_s=None;packet_size_byte=1500;lambda_mode=flow_per_pair_rate_mbps
167,75,71,500000,59465894130,,slot=59;src=75;dst=71;rate_mbps=1.2;flow_size_byte=500000;packet_lambda_per_s=None;packet_size_byte=1500;lambda_mode=flow_per_pair_rate_mbps
168,73,66,500000,59799638215,,slot=59;src=73;dst=66;rate_mbps=1.2;flow_size_byte=500000;packet_lambda_per_s=None;packet_size_byte=1500;lambda_mode=flow_per_pair_rate_mbps
169,70,67,500000,60614078516,,slot=60;src=70;dst=67;rate_mbps=1.2;flow_size_byte=500000;packet_lambda_per_s=None;packet_size_byte=1500;lambda_mode=flow_per_pair_rate_mbps
170,66,73,500000,60955092608,,slot=60;src=66;dst=73;rate_mbps=1.2;flow_size_byte=500000;packet_lambda_per_s=None;packet_size_byte=1500;lambda_mode=flow_per_pair_rate_mbps
171,72,68,500000,61113101322,,slot=61;src=72;dst=68;rate_mbps=1.2;flow_size_byte=500000;packet_lambda_per_s=None;packet_size_byte=1500;lambda_mode=flow_per_pair_rate_mbps
172,66,73,500000,61155092608,,slot=61;src=66;dst=73;rate_mbps=1.2;flow_size_byte=500000;packet_lambda_per_s=None;packet_size_byte=1500;lambda_mode=flow_per_pair_rate_mbps
173,74,69,500000,61191883983,,slot=61;src=74;dst=69;rate_mbps=1.2;flow_size_byte=500000;packet_lambda_per_s=None;packet_size_byte=1500;lambda_mode=flow_per_pair_rate_mbps
174,67,70,500000,61243590712,,slot=61;src=67;dst=70;rate_mbps=1.2;flow_size_byte=500000;packet_lambda_per_s=None;packet_size_byte=1500;lambda_mode=flow_per_pair_rate_mbps
175,69,74,500000,61272995701,,slot=61;src=69;dst=74;rate_mbps=1.2;flow_size_byte=500000;packet_lambda_per_s=None;packet_size_byte=1500;lambda_mode=flow_per_pair_rate_mbps
176,75,71,500000,61329700689,,slot=61;src=75;dst=71;rate_mbps=1.2;flow_size_byte=500000;packet_lambda_per_s=None;packet_size_byte=1500;lambda_mode=flow_per_pair_rate_mbps
177,66,73,500000,61355092608,,slot=61;src=66;dst=73;rate_mbps=1.2;flow_size_byte=500000;packet_lambda_per_s=None;packet_size_byte=1500;lambda_mode=flow_per_pair_rate_mbps
178,71,75,500000,61399393361,,slot=61;src=71;dst=75;rate_mbps=1.2;flow_size_byte=500000;packet_lambda_per_s=None;packet_size_byte=1500;lambda_mode=flow_per_pair_rate_mbps
179,74,69,500000,62214422029,,slot=62;src=74;dst=69;rate_mbps=1.2;flow_size_byte=500000;packet_lambda_per_s=None;packet_size_byte=1500;lambda_mode=flow_per_pair_rate_mbps
180,69,74,500000,62305722860,,slot=62;src=69;dst=74;rate_mbps=1.2;flow_size_byte=500000;packet_lambda_per_s=None;packet_size_byte=1500;lambda_mode=flow_per_pair_rate_mbps
181,72,68,500000,62745588406,,slot=62;src=72;dst=68;rate_mbps=1.2;flow_size_byte=500000;packet_lambda_per_s=None;packet_size_byte=1500;lambda_mode=flow_per_pair_rate_mbps
182,73,66,500000,62819469620,,slot=62;src=73;dst=66;rate_mbps=1.2;flow_size_byte=500000;packet_lambda_per_s=None;packet_size_byte=1500;lambda_mode=flow_per_pair_rate_mbps
183,71,75,500000,63149563739,,slot=63;src=71;dst=75;rate_mbps=1.2;flow_size_byte=500000;packet_lambda_per_s=None;packet_size_byte=1500;lambda_mode=flow_per_pair_rate_mbps
184,74,69,500000,63373762122,,slot=63;src=74;dst=69;rate_mbps=1.2;flow_size_byte=500000;packet_lambda_per_s=None;packet_size_byte=1500;lambda_mode=flow_per_pair_rate_mbps
185,72,68,500000,63689726305,,slot=63;src=72;dst=68;rate_mbps=1.2;flow_size_byte=500000;packet_lambda_per_s=None;packet_size_byte=1500;lambda_mode=flow_per_pair_rate_mbps
186,66,73,500000,63758665106,,slot=63;src=66;dst=73;rate_mbps=1.2;flow_size_byte=500000;packet_lambda_per_s=None;packet_size_byte=1500;lambda_mode=flow_per_pair_rate_mbps
187,73,66,500000,63870770607,,slot=63;src=73;dst=66;rate_mbps=1.2;flow_size_byte=500000;packet_lambda_per_s=None;packet_size_byte=1500;lambda_mode=flow_per_pair_rate_mbps
188,67,70,500000,63956466878,,slot=63;src=67;dst=70;rate_mbps=1.2;flow_size_byte=500000;packet_lambda_per_s=None;packet_size_byte=1500;lambda_mode=flow_per_pair_rate_mbps
189,69,74,500000,64670478169,,slot=64;src=69;dst=74;rate_mbps=1.2;flow_size_byte=500000;packet_lambda_per_s=None;packet_size_byte=1500;lambda_mode=flow_per_pair_rate_mbps
190,71,75,500000,65007253474,,slot=65;src=71;dst=75;rate_mbps=1.2;flow_size_byte=500000;packet_lambda_per_s=None;packet_size_byte=1500;lambda_mode=flow_per_pair_rate_mbps
191,66,73,500000,65049793043,,slot=65;src=66;dst=73;rate_mbps=1.2;flow_size_byte=500000;packet_lambda_per_s=None;packet_size_byte=1500;lambda_mode=flow_per_pair_rate_mbps
192,71,75,500000,65207253474,,slot=65;src=71;dst=75;rate_mbps=1.2;flow_size_byte=500000;packet_lambda_per_s=None;packet_size_byte=1500;lambda_mode=flow_per_pair_rate_mbps
193,69,74,500000,65257208266,,slot=65;src=69;dst=74;rate_mbps=1.2;flow_size_byte=500000;packet_lambda_per_s=None;packet_size_byte=1500;lambda_mode=flow_per_pair_rate_mbps
194,74,69,500000,65715107770,,slot=65;src=74;dst=69;rate_mbps=1.2;flow_size_byte=500000;packet_lambda_per_s=None;packet_size_byte=1500;lambda_mode=flow_per_pair_rate_mbps
195,66,73,500000,65737854087,,slot=65;src=66;dst=73;rate_mbps=1.2;flow_size_byte=500000;packet_lambda_per_s=None;packet_size_byte=1500;lambda_mode=flow_per_pair_rate_mbps
196,70,67,500000,65887925067,,slot=65;src=70;dst=67;rate_mbps=1.2;flow_size_byte=500000;packet_lambda_per_s=None;packet_size_byte=1500;lambda_mode=flow_per_pair_rate_mbps
197,73,66,500000,66170238711,,slot=66;src=73;dst=66;rate_mbps=1.2;flow_size_byte=500000;packet_lambda_per_s=None;packet_size_byte=1500;lambda_mode=flow_per_pair_rate_mbps
198,69,74,500000,66453520033,,slot=66;src=69;dst=74;rate_mbps=1.2;flow_size_byte=500000;packet_lambda_per_s=None;packet_size_byte=1500;lambda_mode=flow_per_pair_rate_mbps
199,73,66,500000,67190384597,,slot=67;src=73;dst=66;rate_mbps=1.2;flow_size_byte=500000;packet_lambda_per_s=None;packet_size_byte=1500;lambda_mode=flow_per_pair_rate_mbps
200,70,67,500000,67518357294,,slot=67;src=70;dst=67;rate_mbps=1.2;flow_size_byte=500000;packet_lambda_per_s=None;packet_size_byte=1500;lambda_mode=flow_per_pair_rate_mbps
201,75,71,500000,67938793664,,slot=67;src=75;dst=71;rate_mbps=1.2;flow_size_byte=500000;packet_lambda_per_s=None;packet_size_byte=1500;lambda_mode=flow_per_pair_rate_mbps
202,72,68,500000,68340543156,,slot=68;src=72;dst=68;rate_mbps=1.2;flow_size_byte=500000;packet_lambda_per_s=None;packet_size_byte=1500;lambda_mode=flow_per_pair_rate_mbps
203,73,66,500000,70303188764,,slot=70;src=73;dst=66;rate_mbps=1.2;flow_size_byte=500000;packet_lambda_per_s=None;packet_size_byte=1500;lambda_mode=flow_per_pair_rate_mbps
204,67,70,500000,70380004289,,slot=70;src=67;dst=70;rate_mbps=1.2;flow_size_byte=500000;packet_lambda_per_s=None;packet_size_byte=1500;lambda_mode=flow_per_pair_rate_mbps
205,73,66,500000,70605421647,,slot=70;src=73;dst=66;rate_mbps=1.2;flow_size_byte=500000;packet_lambda_per_s=None;packet_size_byte=1500;lambda_mode=flow_per_pair_rate_mbps
206,74,69,500000,71610754691,,slot=71;src=74;dst=69;rate_mbps=1.2;flow_size_byte=500000;packet_lambda_per_s=None;packet_size_byte=1500;lambda_mode=flow_per_pair_rate_mbps
207,75,71,500000,71762337812,,slot=71;src=75;dst=71;rate_mbps=1.2;flow_size_byte=500000;packet_lambda_per_s=None;packet_size_byte=1500;lambda_mode=flow_per_pair_rate_mbps
208,66,73,500000,72041843856,,slot=72;src=66;dst=73;rate_mbps=1.2;flow_size_byte=500000;packet_lambda_per_s=None;packet_size_byte=1500;lambda_mode=flow_per_pair_rate_mbps
209,70,67,500000,72402261705,,slot=72;src=70;dst=67;rate_mbps=1.2;flow_size_byte=500000;packet_lambda_per_s=None;packet_size_byte=1500;lambda_mode=flow_per_pair_rate_mbps
210,66,73,500000,72624120392,,slot=72;src=66;dst=73;rate_mbps=1.2;flow_size_byte=500000;packet_lambda_per_s=None;packet_size_byte=1500;lambda_mode=flow_per_pair_rate_mbps
211,73,66,500000,73915699494,,slot=73;src=73;dst=66;rate_mbps=1.2;flow_size_byte=500000;packet_lambda_per_s=None;packet_size_byte=1500;lambda_mode=flow_per_pair_rate_mbps
212,68,72,500000,73964100975,,slot=73;src=68;dst=72;rate_mbps=1.2;flow_size_byte=500000;packet_lambda_per_s=None;packet_size_byte=1500;lambda_mode=flow_per_pair_rate_mbps
213,67,70,500000,74148496596,,slot=74;src=67;dst=70;rate_mbps=1.2;flow_size_byte=500000;packet_lambda_per_s=None;packet_size_byte=1500;lambda_mode=flow_per_pair_rate_mbps
214,75,71,500000,75001863736,,slot=75;src=75;dst=71;rate_mbps=1.2;flow_size_byte=500000;packet_lambda_per_s=None;packet_size_byte=1500;lambda_mode=flow_per_pair_rate_mbps
215,72,68,500000,75333600177,,slot=75;src=72;dst=68;rate_mbps=1.2;flow_size_byte=500000;packet_lambda_per_s=None;packet_size_byte=1500;lambda_mode=flow_per_pair_rate_mbps
216,68,72,500000,75427693984,,slot=75;src=68;dst=72;rate_mbps=1.2;flow_size_byte=500000;packet_lambda_per_s=None;packet_size_byte=1500;lambda_mode=flow_per_pair_rate_mbps
217,68,72,500000,75639189795,,slot=75;src=68;dst=72;rate_mbps=1.2;flow_size_byte=500000;packet_lambda_per_s=None;packet_size_byte=1500;lambda_mode=flow_per_pair_rate_mbps
218,69,74,500000,76993597282,,slot=76;src=69;dst=74;rate_mbps=1.2;flow_size_byte=500000;packet_lambda_per_s=None;packet_size_byte=1500;lambda_mode=flow_per_pair_rate_mbps
219,74,69,500000,77005267772,,slot=77;src=74;dst=69;rate_mbps=1.2;flow_size_byte=500000;packet_lambda_per_s=None;packet_size_byte=1500;lambda_mode=flow_per_pair_rate_mbps
220,67,70,500000,77157025318,,slot=77;src=67;dst=70;rate_mbps=1.2;flow_size_byte=500000;packet_lambda_per_s=None;packet_size_byte=1500;lambda_mode=flow_per_pair_rate_mbps
221,71,75,500000,77439621576,,slot=77;src=71;dst=75;rate_mbps=1.2;flow_size_byte=500000;packet_lambda_per_s=None;packet_size_byte=1500;lambda_mode=flow_per_pair_rate_mbps
222,69,74,500000,77552714612,,slot=77;src=69;dst=74;rate_mbps=1.2;flow_size_byte=500000;packet_lambda_per_s=None;packet_size_byte=1500;lambda_mode=flow_per_pair_rate_mbps
223,74,69,500000,77844718662,,slot=77;src=74;dst=69;rate_mbps=1.2;flow_size_byte=500000;packet_lambda_per_s=None;packet_size_byte=1500;lambda_mode=flow_per_pair_rate_mbps
224,73,66,500000,78351999651,,slot=78;src=73;dst=66;rate_mbps=1.2;flow_size_byte=500000;packet_lambda_per_s=None;packet_size_byte=1500;lambda_mode=flow_per_pair_rate_mbps
225,67,70,500000,78654915521,,slot=78;src=67;dst=70;rate_mbps=1.2;flow_size_byte=500000;packet_lambda_per_s=None;packet_size_byte=1500;lambda_mode=flow_per_pair_rate_mbps
226,71,75,500000,78760643276,,slot=78;src=71;dst=75;rate_mbps=1.2;flow_size_byte=500000;packet_lambda_per_s=None;packet_size_byte=1500;lambda_mode=flow_per_pair_rate_mbps
227,70,67,500000,79025893387,,slot=79;src=70;dst=67;rate_mbps=1.2;flow_size_byte=500000;packet_lambda_per_s=None;packet_size_byte=1500;lambda_mode=flow_per_pair_rate_mbps
228,71,75,500000,79231630613,,slot=79;src=71;dst=75;rate_mbps=1.2;flow_size_byte=500000;packet_lambda_per_s=None;packet_size_byte=1500;lambda_mode=flow_per_pair_rate_mbps
229,71,75,500000,79695221866,,slot=79;src=71;dst=75;rate_mbps=1.2;flow_size_byte=500000;packet_lambda_per_s=None;packet_size_byte=1500;lambda_mode=flow_per_pair_rate_mbps
230,66,73,500000,79743674033,,slot=79;src=66;dst=73;rate_mbps=1.2;flow_size_byte=500000;packet_lambda_per_s=None;packet_size_byte=1500;lambda_mode=flow_per_pair_rate_mbps
231,70,67,500000,80287889317,,slot=80;src=70;dst=67;rate_mbps=1.2;flow_size_byte=500000;packet_lambda_per_s=None;packet_size_byte=1500;lambda_mode=flow_per_pair_rate_mbps
232,71,75,500000,80887757916,,slot=80;src=71;dst=75;rate_mbps=1.2;flow_size_byte=500000;packet_lambda_per_s=None;packet_size_byte=1500;lambda_mode=flow_per_pair_rate_mbps
233,69,74,500000,81057760905,,slot=81;src=69;dst=74;rate_mbps=1.2;flow_size_byte=500000;packet_lambda_per_s=None;packet_size_byte=1500;lambda_mode=flow_per_pair_rate_mbps
234,75,71,500000,82504897737,,slot=82;src=75;dst=71;rate_mbps=1.2;flow_size_byte=500000;packet_lambda_per_s=None;packet_size_byte=1500;lambda_mode=flow_per_pair_rate_mbps
235,73,66,500000,83203119576,,slot=83;src=73;dst=66;rate_mbps=1.2;flow_size_byte=500000;packet_lambda_per_s=None;packet_size_byte=1500;lambda_mode=flow_per_pair_rate_mbps
236,74,69,500000,83264610920,,slot=83;src=74;dst=69;rate_mbps=1.2;flow_size_byte=500000;packet_lambda_per_s=None;packet_size_byte=1500;lambda_mode=flow_per_pair_rate_mbps
237,70,67,500000,83335676526,,slot=83;src=70;dst=67;rate_mbps=1.2;flow_size_byte=500000;packet_lambda_per_s=None;packet_size_byte=1500;lambda_mode=flow_per_pair_rate_mbps
238,68,72,500000,83345860125,,slot=83;src=68;dst=72;rate_mbps=1.2;flow_size_byte=500000;packet_lambda_per_s=None;packet_size_byte=1500;lambda_mode=flow_per_pair_rate_mbps
239,67,70,500000,83365979600,,slot=83;src=67;dst=70;rate_mbps=1.2;flow_size_byte=500000;packet_lambda_per_s=None;packet_size_byte=1500;lambda_mode=flow_per_pair_rate_mbps
240,71,75,500000,83818037473,,slot=83;src=71;dst=75;rate_mbps=1.2;flow_size_byte=500000;packet_lambda_per_s=None;packet_size_byte=1500;lambda_mode=flow_per_pair_rate_mbps
241,74,69,500000,84226420005,,slot=84;src=74;dst=69;rate_mbps=1.2;flow_size_byte=500000;packet_lambda_per_s=None;packet_size_byte=1500;lambda_mode=flow_per_pair_rate_mbps
242,67,70,500000,84339767740,,slot=84;src=67;dst=70;rate_mbps=1.2;flow_size_byte=500000;packet_lambda_per_s=None;packet_size_byte=1500;lambda_mode=flow_per_pair_rate_mbps
243,71,75,500000,84962692801,,slot=84;src=71;dst=75;rate_mbps=1.2;flow_size_byte=500000;packet_lambda_per_s=None;packet_size_byte=1500;lambda_mode=flow_per_pair_rate_mbps
244,67,70,500000,85090228261,,slot=85;src=67;dst=70;rate_mbps=1.2;flow_size_byte=500000;packet_lambda_per_s=None;packet_size_byte=1500;lambda_mode=flow_per_pair_rate_mbps
245,66,73,500000,85152084882,,slot=85;src=66;dst=73;rate_mbps=1.2;flow_size_byte=500000;packet_lambda_per_s=None;packet_size_byte=1500;lambda_mode=flow_per_pair_rate_mbps
246,70,67,500000,85487454486,,slot=85;src=70;dst=67;rate_mbps=1.2;flow_size_byte=500000;packet_lambda_per_s=None;packet_size_byte=1500;lambda_mode=flow_per_pair_rate_mbps
247,72,68,500000,86431389780,,slot=86;src=72;dst=68;rate_mbps=1.2;flow_size_byte=500000;packet_lambda_per_s=None;packet_size_byte=1500;lambda_mode=flow_per_pair_rate_mbps
248,75,71,500000,86720819548,,slot=86;src=75;dst=71;rate_mbps=1.2;flow_size_byte=500000;packet_lambda_per_s=None;packet_size_byte=1500;lambda_mode=flow_per_pair_rate_mbps
249,70,67,500000,86761154584,,slot=86;src=70;dst=67;rate_mbps=1.2;flow_size_byte=500000;packet_lambda_per_s=None;packet_size_byte=1500;lambda_mode=flow_per_pair_rate_mbps
250,72,68,500000,87003225879,,slot=87;src=72;dst=68;rate_mbps=1.2;flow_size_byte=500000;packet_lambda_per_s=None;packet_size_byte=1500;lambda_mode=flow_per_pair_rate_mbps
251,69,74,500000,87014642892,,slot=87;src=69;dst=74;rate_mbps=1.2;flow_size_byte=500000;packet_lambda_per_s=None;packet_size_byte=1500;lambda_mode=flow_per_pair_rate_mbps
252,73,66,500000,87470463799,,slot=87;src=73;dst=66;rate_mbps=1.2;flow_size_byte=500000;packet_lambda_per_s=None;packet_size_byte=1500;lambda_mode=flow_per_pair_rate_mbps
253,73,66,500000,88362617931,,slot=88;src=73;dst=66;rate_mbps=1.2;flow_size_byte=500000;packet_lambda_per_s=None;packet_size_byte=1500;lambda_mode=flow_per_pair_rate_mbps
254,69,74,500000,88435500640,,slot=88;src=69;dst=74;rate_mbps=1.2;flow_size_byte=500000;packet_lambda_per_s=None;packet_size_byte=1500;lambda_mode=flow_per_pair_rate_mbps
255,68,72,500000,89320756258,,slot=89;src=68;dst=72;rate_mbps=1.2;flow_size_byte=500000;packet_lambda_per_s=None;packet_size_byte=1500;lambda_mode=flow_per_pair_rate_mbps
256,70,67,500000,89356492186,,slot=89;src=70;dst=67;rate_mbps=1.2;flow_size_byte=500000;packet_lambda_per_s=None;packet_size_byte=1500;lambda_mode=flow_per_pair_rate_mbps
257,74,69,500000,89407723071,,slot=89;src=74;dst=69;rate_mbps=1.2;flow_size_byte=500000;packet_lambda_per_s=None;packet_size_byte=1500;lambda_mode=flow_per_pair_rate_mbps
258,75,71,500000,89418423086,,slot=89;src=75;dst=71;rate_mbps=1.2;flow_size_byte=500000;packet_lambda_per_s=None;packet_size_byte=1500;lambda_mode=flow_per_pair_rate_mbps
259,70,67,500000,89556492186,,slot=89;src=70;dst=67;rate_mbps=1.2;flow_size_byte=500000;packet_lambda_per_s=None;packet_size_byte=1500;lambda_mode=flow_per_pair_rate_mbps
260,75,71,500000,90248431410,,slot=90;src=75;dst=71;rate_mbps=1.2;flow_size_byte=500000;packet_lambda_per_s=None;packet_size_byte=1500;lambda_mode=flow_per_pair_rate_mbps
261,71,75,500000,90639660239,,slot=90;src=71;dst=75;rate_mbps=1.2;flow_size_byte=500000;packet_lambda_per_s=None;packet_size_byte=1500;lambda_mode=flow_per_pair_rate_mbps
262,66,73,500000,90751252641,,slot=90;src=66;dst=73;rate_mbps=1.2;flow_size_byte=500000;packet_lambda_per_s=None;packet_size_byte=1500;lambda_mode=flow_per_pair_rate_mbps
263,74,69,500000,90866762178,,slot=90;src=74;dst=69;rate_mbps=1.2;flow_size_byte=500000;packet_lambda_per_s=None;packet_size_byte=1500;lambda_mode=flow_per_pair_rate_mbps
264,70,67,500000,91085085699,,slot=91;src=70;dst=67;rate_mbps=1.2;flow_size_byte=500000;packet_lambda_per_s=None;packet_size_byte=1500;lambda_mode=flow_per_pair_rate_mbps
265,67,70,500000,91541775940,,slot=91;src=67;dst=70;rate_mbps=1.2;flow_size_byte=500000;packet_lambda_per_s=None;packet_size_byte=1500;lambda_mode=flow_per_pair_rate_mbps
266,67,70,500000,91741775940,,slot=91;src=67;dst=70;rate_mbps=1.2;flow_size_byte=500000;packet_lambda_per_s=None;packet_size_byte=1500;lambda_mode=flow_per_pair_rate_mbps
267,70,67,500000,91871393851,,slot=91;src=70;dst=67;rate_mbps=1.2;flow_size_byte=500000;packet_lambda_per_s=None;packet_size_byte=1500;lambda_mode=flow_per_pair_rate_mbps
268,69,74,500000,93033439181,,slot=93;src=69;dst=74;rate_mbps=1.2;flow_size_byte=500000;packet_lambda_per_s=None;packet_size_byte=1500;lambda_mode=flow_per_pair_rate_mbps
269,75,71,500000,93209214206,,slot=93;src=75;dst=71;rate_mbps=1.2;flow_size_byte=500000;packet_lambda_per_s=None;packet_size_byte=1500;lambda_mode=flow_per_pair_rate_mbps
270,71,75,500000,93423171197,,slot=93;src=71;dst=75;rate_mbps=1.2;flow_size_byte=500000;packet_lambda_per_s=None;packet_size_byte=1500;lambda_mode=flow_per_pair_rate_mbps
271,73,66,500000,93538939430,,slot=93;src=73;dst=66;rate_mbps=1.2;flow_size_byte=500000;packet_lambda_per_s=None;packet_size_byte=1500;lambda_mode=flow_per_pair_rate_mbps
272,66,73,500000,93776642347,,slot=93;src=66;dst=73;rate_mbps=1.2;flow_size_byte=500000;packet_lambda_per_s=None;packet_size_byte=1500;lambda_mode=flow_per_pair_rate_mbps
273,69,74,500000,93992841485,,slot=93;src=69;dst=74;rate_mbps=1.2;flow_size_byte=500000;packet_lambda_per_s=None;packet_size_byte=1500;lambda_mode=flow_per_pair_rate_mbps
274,66,73,500000,94510342067,,slot=94;src=66;dst=73;rate_mbps=1.2;flow_size_byte=500000;packet_lambda_per_s=None;packet_size_byte=1500;lambda_mode=flow_per_pair_rate_mbps
275,70,67,500000,94604204253,,slot=94;src=70;dst=67;rate_mbps=1.2;flow_size_byte=500000;packet_lambda_per_s=None;packet_size_byte=1500;lambda_mode=flow_per_pair_rate_mbps
276,68,72,500000,95029519133,,slot=95;src=68;dst=72;rate_mbps=1.2;flow_size_byte=500000;packet_lambda_per_s=None;packet_size_byte=1500;lambda_mode=flow_per_pair_rate_mbps
277,67,70,500000,95139901175,,slot=95;src=67;dst=70;rate_mbps=1.2;flow_size_byte=500000;packet_lambda_per_s=None;packet_size_byte=1500;lambda_mode=flow_per_pair_rate_mbps
278,72,68,500000,95150006213,,slot=95;src=72;dst=68;rate_mbps=1.2;flow_size_byte=500000;packet_lambda_per_s=None;packet_size_byte=1500;lambda_mode=flow_per_pair_rate_mbps
279,68,72,500000,95229519133,,slot=95;src=68;dst=72;rate_mbps=1.2;flow_size_byte=500000;packet_lambda_per_s=None;packet_size_byte=1500;lambda_mode=flow_per_pair_rate_mbps
280,68,72,500000,95861176969,,slot=95;src=68;dst=72;rate_mbps=1.2;flow_size_byte=500000;packet_lambda_per_s=None;packet_size_byte=1500;lambda_mode=flow_per_pair_rate_mbps
281,75,71,500000,96349705899,,slot=96;src=75;dst=71;rate_mbps=1.2;flow_size_byte=500000;packet_lambda_per_s=None;packet_size_byte=1500;lambda_mode=flow_per_pair_rate_mbps
282,66,73,500000,96473685173,,slot=96;src=66;dst=73;rate_mbps=1.2;flow_size_byte=500000;packet_lambda_per_s=None;packet_size_byte=1500;lambda_mode=flow_per_pair_rate_mbps
283,73,66,500000,96660793082,,slot=96;src=73;dst=66;rate_mbps=1.2;flow_size_byte=500000;packet_lambda_per_s=None;packet_size_byte=1500;lambda_mode=flow_per_pair_rate_mbps
284,66,73,500000,96673685173,,slot=96;src=66;dst=73;rate_mbps=1.2;flow_size_byte=500000;packet_lambda_per_s=None;packet_size_byte=1500;lambda_mode=flow_per_pair_rate_mbps
285,69,74,500000,96860611103,,slot=96;src=69;dst=74;rate_mbps=1.2;flow_size_byte=500000;packet_lambda_per_s=None;packet_size_byte=1500;lambda_mode=flow_per_pair_rate_mbps
286,68,72,500000,97702810779,,slot=97;src=68;dst=72;rate_mbps=1.2;flow_size_byte=500000;packet_lambda_per_s=None;packet_size_byte=1500;lambda_mode=flow_per_pair_rate_mbps
287,72,68,500000,97768841551,,slot=97;src=72;dst=68;rate_mbps=1.2;flow_size_byte=500000;packet_lambda_per_s=None;packet_size_byte=1500;lambda_mode=flow_per_pair_rate_mbps
288,75,71,500000,97899428077,,slot=97;src=75;dst=71;rate_mbps=1.2;flow_size_byte=500000;packet_lambda_per_s=None;packet_size_byte=1500;lambda_mode=flow_per_pair_rate_mbps
289,70,67,500000,98227619993,,slot=98;src=70;dst=67;rate_mbps=1.2;flow_size_byte=500000;packet_lambda_per_s=None;packet_size_byte=1500;lambda_mode=flow_per_pair_rate_mbps
290,71,75,500000,98364280558,,slot=98;src=71;dst=75;rate_mbps=1.2;flow_size_byte=500000;packet_lambda_per_s=None;packet_size_byte=1500;lambda_mode=flow_per_pair_rate_mbps
291,67,70,500000,98752136434,,slot=98;src=67;dst=70;rate_mbps=1.2;flow_size_byte=500000;packet_lambda_per_s=None;packet_size_byte=1500;lambda_mode=flow_per_pair_rate_mbps
292,73,66,500000,98819172535,,slot=98;src=73;dst=66;rate_mbps=1.2;flow_size_byte=500000;packet_lambda_per_s=None;packet_size_byte=1500;lambda_mode=flow_per_pair_rate_mbps
293,69,74,500000,99126530259,,slot=99;src=69;dst=74;rate_mbps=1.2;flow_size_byte=500000;packet_lambda_per_s=None;packet_size_byte=1500;lambda_mode=flow_per_pair_rate_mbps
294,75,71,500000,99556252853,,slot=99;src=75;dst=71;rate_mbps=1.2;flow_size_byte=500000;packet_lambda_per_s=None;packet_size_byte=1500;lambda_mode=flow_per_pair_rate_mbps
295,68,72,500000,99932582091,,slot=99;src=68;dst=72;rate_mbps=1.2;flow_size_byte=500000;packet_lambda_per_s=None;packet_size_byte=1500;lambda_mode=flow_per_pair_rate_mbps
296,74,69,500000,100301256535,,slot=100;src=74;dst=69;rate_mbps=1.2;flow_size_byte=500000;packet_lambda_per_s=None;packet_size_byte=1500;lambda_mode=flow_per_pair_rate_mbps
297,70,67,500000,100439884893,,slot=100;src=70;dst=67;rate_mbps=1.2;flow_size_byte=500000;packet_lambda_per_s=None;packet_size_byte=1500;lambda_mode=flow_per_pair_rate_mbps
298,70,67,500000,100677219450,,slot=100;src=70;dst=67;rate_mbps=1.2;flow_size_byte=500000;packet_lambda_per_s=None;packet_size_byte=1500;lambda_mode=flow_per_pair_rate_mbps
299,71,75,500000,100801648268,,slot=100;src=71;dst=75;rate_mbps=1.2;flow_size_byte=500000;packet_lambda_per_s=None;packet_size_byte=1500;lambda_mode=flow_per_pair_rate_mbps
300,75,71,500000,100836790750,,slot=100;src=75;dst=71;rate_mbps=1.2;flow_size_byte=500000;packet_lambda_per_s=None;packet_size_byte=1500;lambda_mode=flow_per_pair_rate_mbps
301,73,66,500000,101008145071,,slot=101;src=73;dst=66;rate_mbps=1.2;flow_size_byte=500000;packet_lambda_per_s=None;packet_size_byte=1500;lambda_mode=flow_per_pair_rate_mbps
302,73,66,500000,101440232433,,slot=101;src=73;dst=66;rate_mbps=1.2;flow_size_byte=500000;packet_lambda_per_s=None;packet_size_byte=1500;lambda_mode=flow_per_pair_rate_mbps
303,66,73,500000,101542154828,,slot=101;src=66;dst=73;rate_mbps=1.2;flow_size_byte=500000;packet_lambda_per_s=None;packet_size_byte=1500;lambda_mode=flow_per_pair_rate_mbps
304,75,71,500000,101809322275,,slot=101;src=75;dst=71;rate_mbps=1.2;flow_size_byte=500000;packet_lambda_per_s=None;packet_size_byte=1500;lambda_mode=flow_per_pair_rate_mbps
305,72,68,500000,102079351800,,slot=102;src=72;dst=68;rate_mbps=1.2;flow_size_byte=500000;packet_lambda_per_s=None;packet_size_byte=1500;lambda_mode=flow_per_pair_rate_mbps
306,70,67,500000,102148465771,,slot=102;src=70;dst=67;rate_mbps=1.2;flow_size_byte=500000;packet_lambda_per_s=None;packet_size_byte=1500;lambda_mode=flow_per_pair_rate_mbps
307,72,68,500000,102279351800,,slot=102;src=72;dst=68;rate_mbps=1.2;flow_size_byte=500000;packet_lambda_per_s=None;packet_size_byte=1500;lambda_mode=flow_per_pair_rate_mbps
308,67,70,500000,102366600161,,slot=102;src=67;dst=70;rate_mbps=1.2;flow_size_byte=500000;packet_lambda_per_s=None;packet_size_byte=1500;lambda_mode=flow_per_pair_rate_mbps
309,72,68,500000,102846958217,,slot=102;src=72;dst=68;rate_mbps=1.2;flow_size_byte=500000;packet_lambda_per_s=None;packet_size_byte=1500;lambda_mode=flow_per_pair_rate_mbps
310,75,71,500000,102872611068,,slot=102;src=75;dst=71;rate_mbps=1.2;flow_size_byte=500000;packet_lambda_per_s=None;packet_size_byte=1500;lambda_mode=flow_per_pair_rate_mbps
311,72,68,500000,103046958217,,slot=102;src=72;dst=68;rate_mbps=1.2;flow_size_byte=500000;packet_lambda_per_s=None;packet_size_byte=1500;lambda_mode=flow_per_pair_rate_mbps
312,69,74,500000,103686844558,,slot=103;src=69;dst=74;rate_mbps=1.2;flow_size_byte=500000;packet_lambda_per_s=None;packet_size_byte=1500;lambda_mode=flow_per_pair_rate_mbps
313,66,73,500000,103878744148,,slot=103;src=66;dst=73;rate_mbps=1.2;flow_size_byte=500000;packet_lambda_per_s=None;packet_size_byte=1500;lambda_mode=flow_per_pair_rate_mbps
314,72,68,500000,104023265414,,slot=104;src=72;dst=68;rate_mbps=1.2;flow_size_byte=500000;packet_lambda_per_s=None;packet_size_byte=1500;lambda_mode=flow_per_pair_rate_mbps
315,68,72,500000,104310147502,,slot=104;src=68;dst=72;rate_mbps=1.2;flow_size_byte=500000;packet_lambda_per_s=None;packet_size_byte=1500;lambda_mode=flow_per_pair_rate_mbps
316,74,69,500000,104556604725,,slot=104;src=74;dst=69;rate_mbps=1.2;flow_size_byte=500000;packet_lambda_per_s=None;packet_size_byte=1500;lambda_mode=flow_per_pair_rate_mbps
317,73,66,500000,104750930493,,slot=104;src=73;dst=66;rate_mbps=1.2;flow_size_byte=500000;packet_lambda_per_s=None;packet_size_byte=1500;lambda_mode=flow_per_pair_rate_mbps
318,75,71,500000,104822013998,,slot=104;src=75;dst=71;rate_mbps=1.2;flow_size_byte=500000;packet_lambda_per_s=None;packet_size_byte=1500;lambda_mode=flow_per_pair_rate_mbps
319,74,69,500000,104888325519,,slot=104;src=74;dst=69;rate_mbps=1.2;flow_size_byte=500000;packet_lambda_per_s=None;packet_size_byte=1500;lambda_mode=flow_per_pair_rate_mbps
320,67,70,500000,105088921111,,slot=105;src=67;dst=70;rate_mbps=1.2;flow_size_byte=500000;packet_lambda_per_s=None;packet_size_byte=1500;lambda_mode=flow_per_pair_rate_mbps
321,73,66,500000,105372204601,,slot=105;src=73;dst=66;rate_mbps=1.2;flow_size_byte=500000;packet_lambda_per_s=None;packet_size_byte=1500;lambda_mode=flow_per_pair_rate_mbps
322,70,67,500000,105840664521,,slot=105;src=70;dst=67;rate_mbps=1.2;flow_size_byte=500000;packet_lambda_per_s=None;packet_size_byte=1500;lambda_mode=flow_per_pair_rate_mbps
323,71,75,500000,106719813082,,slot=106;src=71;dst=75;rate_mbps=1.2;flow_size_byte=500000;packet_lambda_per_s=None;packet_size_byte=1500;lambda_mode=flow_per_pair_rate_mbps
324,67,70,500000,106817201595,,slot=106;src=67;dst=70;rate_mbps=1.2;flow_size_byte=500000;packet_lambda_per_s=None;packet_size_byte=1500;lambda_mode=flow_per_pair_rate_mbps
325,73,66,500000,107292629299,,slot=107;src=73;dst=66;rate_mbps=1.2;flow_size_byte=500000;packet_lambda_per_s=None;packet_size_byte=1500;lambda_mode=flow_per_pair_rate_mbps
326,73,66,500000,107492629299,,slot=107;src=73;dst=66;rate_mbps=1.2;flow_size_byte=500000;packet_lambda_per_s=None;packet_size_byte=1500;lambda_mode=flow_per_pair_rate_mbps
327,73,66,500000,107857530726,,slot=107;src=73;dst=66;rate_mbps=1.2;flow_size_byte=500000;packet_lambda_per_s=None;packet_size_byte=1500;lambda_mode=flow_per_pair_rate_mbps
328,73,66,500000,108626688004,,slot=108;src=73;dst=66;rate_mbps=1.2;flow_size_byte=500000;packet_lambda_per_s=None;packet_size_byte=1500;lambda_mode=flow_per_pair_rate_mbps
329,73,66,500000,109362604027,,slot=109;src=73;dst=66;rate_mbps=1.2;flow_size_byte=500000;packet_lambda_per_s=None;packet_size_byte=1500;lambda_mode=flow_per_pair_rate_mbps
330,67,70,500000,109836648823,,slot=109;src=67;dst=70;rate_mbps=1.2;flow_size_byte=500000;packet_lambda_per_s=None;packet_size_byte=1500;lambda_mode=flow_per_pair_rate_mbps
331,73,66,500000,109847863501,,slot=109;src=73;dst=66;rate_mbps=1.2;flow_size_byte=500000;packet_lambda_per_s=None;packet_size_byte=1500;lambda_mode=flow_per_pair_rate_mbps
332,74,69,500000,109855176708,,slot=109;src=74;dst=69;rate_mbps=1.2;flow_size_byte=500000;packet_lambda_per_s=None;packet_size_byte=1500;lambda_mode=flow_per_pair_rate_mbps
333,68,72,500000,110645818510,,slot=110;src=68;dst=72;rate_mbps=1.2;flow_size_byte=500000;packet_lambda_per_s=None;packet_size_byte=1500;lambda_mode=flow_per_pair_rate_mbps
334,74,69,500000,111692155167,,slot=111;src=74;dst=69;rate_mbps=1.2;flow_size_byte=500000;packet_lambda_per_s=None;packet_size_byte=1500;lambda_mode=flow_per_pair_rate_mbps
335,70,67,500000,111716274443,,slot=111;src=70;dst=67;rate_mbps=1.2;flow_size_byte=500000;packet_lambda_per_s=None;packet_size_byte=1500;lambda_mode=flow_per_pair_rate_mbps
336,70,67,500000,111916274443,,slot=111;src=70;dst=67;rate_mbps=1.2;flow_size_byte=500000;packet_lambda_per_s=None;packet_size_byte=1500;lambda_mode=flow_per_pair_rate_mbps
337,71,75,500000,111921503518,,slot=111;src=71;dst=75;rate_mbps=1.2;flow_size_byte=500000;packet_lambda_per_s=None;packet_size_byte=1500;lambda_mode=flow_per_pair_rate_mbps
338,75,71,500000,112125170976,,slot=112;src=75;dst=71;rate_mbps=1.2;flow_size_byte=500000;packet_lambda_per_s=None;packet_size_byte=1500;lambda_mode=flow_per_pair_rate_mbps
339,74,69,500000,112175788511,,slot=112;src=74;dst=69;rate_mbps=1.2;flow_size_byte=500000;packet_lambda_per_s=None;packet_size_byte=1500;lambda_mode=flow_per_pair_rate_mbps
340,70,67,500000,112393344420,,slot=112;src=70;dst=67;rate_mbps=1.2;flow_size_byte=500000;packet_lambda_per_s=None;packet_size_byte=1500;lambda_mode=flow_per_pair_rate_mbps
341,69,74,500000,112666499183,,slot=112;src=69;dst=74;rate_mbps=1.2;flow_size_byte=500000;packet_lambda_per_s=None;packet_size_byte=1500;lambda_mode=flow_per_pair_rate_mbps
342,71,75,500000,113615624736,,slot=113;src=71;dst=75;rate_mbps=1.2;flow_size_byte=500000;packet_lambda_per_s=None;packet_size_byte=1500;lambda_mode=flow_per_pair_rate_mbps
343,72,68,500000,114077868438,,slot=114;src=72;dst=68;rate_mbps=1.2;flow_size_byte=500000;packet_lambda_per_s=None;packet_size_byte=1500;lambda_mode=flow_per_pair_rate_mbps
344,75,71,500000,114616345671,,slot=114;src=75;dst=71;rate_mbps=1.2;flow_size_byte=500000;packet_lambda_per_s=None;packet_size_byte=1500;lambda_mode=flow_per_pair_rate_mbps
345,71,75,500000,115015978878,,slot=115;src=71;dst=75;rate_mbps=1.2;flow_size_byte=500000;packet_lambda_per_s=None;packet_size_byte=1500;lambda_mode=flow_per_pair_rate_mbps
346,70,67,500000,115160011938,,slot=115;src=70;dst=67;rate_mbps=1.2;flow_size_byte=500000;packet_lambda_per_s=None;packet_size_byte=1500;lambda_mode=flow_per_pair_rate_mbps
347,70,67,500000,115397371347,,slot=115;src=70;dst=67;rate_mbps=1.2;flow_size_byte=500000;packet_lambda_per_s=None;packet_size_byte=1500;lambda_mode=flow_per_pair_rate_mbps
348,66,73,500000,115613252380,,slot=115;src=66;dst=73;rate_mbps=1.2;flow_size_byte=500000;packet_lambda_per_s=None;packet_size_byte=1500;lambda_mode=flow_per_pair_rate_mbps
349,74,69,500000,115773939940,,slot=115;src=74;dst=69;rate_mbps=1.2;flow_size_byte=500000;packet_lambda_per_s=None;packet_size_byte=1500;lambda_mode=flow_per_pair_rate_mbps
350,71,75,500000,115924660652,,slot=115;src=71;dst=75;rate_mbps=1.2;flow_size_byte=500000;packet_lambda_per_s=None;packet_size_byte=1500;lambda_mode=flow_per_pair_rate_mbps
351,75,71,500000,115964625206,,slot=115;src=75;dst=71;rate_mbps=1.2;flow_size_byte=500000;packet_lambda_per_s=None;packet_size_byte=1500;lambda_mode=flow_per_pair_rate_mbps
352,71,75,500000,116124660652,,slot=116;src=71;dst=75;rate_mbps=1.2;flow_size_byte=500000;packet_lambda_per_s=None;packet_size_byte=1500;lambda_mode=flow_per_pair_rate_mbps
353,73,66,500000,116267903548,,slot=116;src=73;dst=66;rate_mbps=1.2;flow_size_byte=500000;packet_lambda_per_s=None;packet_size_byte=1500;lambda_mode=flow_per_pair_rate_mbps
354,74,69,500000,116603058063,,slot=116;src=74;dst=69;rate_mbps=1.2;flow_size_byte=500000;packet_lambda_per_s=None;packet_size_byte=1500;lambda_mode=flow_per_pair_rate_mbps
355,71,75,500000,116714153261,,slot=116;src=71;dst=75;rate_mbps=1.2;flow_size_byte=500000;packet_lambda_per_s=None;packet_size_byte=1500;lambda_mode=flow_per_pair_rate_mbps
356,68,72,500000,116831640222,,slot=116;src=68;dst=72;rate_mbps=1.2;flow_size_byte=500000;packet_lambda_per_s=None;packet_size_byte=1500;lambda_mode=flow_per_pair_rate_mbps
357,72,68,500000,117183689000,,slot=117;src=72;dst=68;rate_mbps=1.2;flow_size_byte=500000;packet_lambda_per_s=None;packet_size_byte=1500;lambda_mode=flow_per_pair_rate_mbps
358,73,66,500000,117855759477,,slot=117;src=73;dst=66;rate_mbps=1.2;flow_size_byte=500000;packet_lambda_per_s=None;packet_size_byte=1500;lambda_mode=flow_per_pair_rate_mbps
359,71,75,500000,118034597306,,slot=118;src=71;dst=75;rate_mbps=1.2;flow_size_byte=500000;packet_lambda_per_s=None;packet_size_byte=1500;lambda_mode=flow_per_pair_rate_mbps
360,70,67,500000,118247730407,,slot=118;src=70;dst=67;rate_mbps=1.2;flow_size_byte=500000;packet_lambda_per_s=None;packet_size_byte=1500;lambda_mode=flow_per_pair_rate_mbps
361,72,68,500000,118332187805,,slot=118;src=72;dst=68;rate_mbps=1.2;flow_size_byte=500000;packet_lambda_per_s=None;packet_size_byte=1500;lambda_mode=flow_per_pair_rate_mbps
362,75,71,500000,119407922067,,slot=119;src=75;dst=71;rate_mbps=1.2;flow_size_byte=500000;packet_lambda_per_s=None;packet_size_byte=1500;lambda_mode=flow_per_pair_rate_mbps
363,72,68,500000,119571109115,,slot=119;src=72;dst=68;rate_mbps=1.2;flow_size_byte=500000;packet_lambda_per_s=None;packet_size_byte=1500;lambda_mode=flow_per_pair_rate_mbps
364,68,72,500000,119881268520,,slot=119;src=68;dst=72;rate_mbps=1.2;flow_size_byte=500000;packet_lambda_per_s=None;packet_size_byte=1500;lambda_mode=flow_per_pair_rate_mbps
365,75,71,500000,119986865379,,slot=119;src=75;dst=71;rate_mbps=1.2;flow_size_byte=500000;packet_lambda_per_s=None;packet_size_byte=1500;lambda_mode=flow_per_pair_rate_mbps
366,67,70,500000,120171163495,,slot=120;src=67;dst=70;rate_mbps=1.2;flow_size_byte=500000;packet_lambda_per_s=None;packet_size_byte=1500;lambda_mode=flow_per_pair_rate_mbps
367,67,70,500000,120371163495,,slot=120;src=67;dst=70;rate_mbps=1.2;flow_size_byte=500000;packet_lambda_per_s=None;packet_size_byte=1500;lambda_mode=flow_per_pair_rate_mbps
368,74,69,500000,120613259382,,slot=120;src=74;dst=69;rate_mbps=1.2;flow_size_byte=500000;packet_lambda_per_s=None;packet_size_byte=1500;lambda_mode=flow_per_pair_rate_mbps
369,67,70,500000,121965031089,,slot=121;src=67;dst=70;rate_mbps=1.2;flow_size_byte=500000;packet_lambda_per_s=None;packet_size_byte=1500;lambda_mode=flow_per_pair_rate_mbps
370,69,74,500000,122010832565,,slot=122;src=69;dst=74;rate_mbps=1.2;flow_size_byte=500000;packet_lambda_per_s=None;packet_size_byte=1500;lambda_mode=flow_per_pair_rate_mbps
371,72,68,500000,122368695653,,slot=122;src=72;dst=68;rate_mbps=1.2;flow_size_byte=500000;packet_lambda_per_s=None;packet_size_byte=1500;lambda_mode=flow_per_pair_rate_mbps
372,71,75,500000,122845636905,,slot=122;src=71;dst=75;rate_mbps=1.2;flow_size_byte=500000;packet_lambda_per_s=None;packet_size_byte=1500;lambda_mode=flow_per_pair_rate_mbps
373,72,68,500000,123116906394,,slot=123;src=72;dst=68;rate_mbps=1.2;flow_size_byte=500000;packet_lambda_per_s=None;packet_size_byte=1500;lambda_mode=flow_per_pair_rate_mbps
374,69,74,500000,123151307781,,slot=123;src=69;dst=74;rate_mbps=1.2;flow_size_byte=500000;packet_lambda_per_s=None;packet_size_byte=1500;lambda_mode=flow_per_pair_rate_mbps
375,73,66,500000,124107688245,,slot=124;src=73;dst=66;rate_mbps=1.2;flow_size_byte=500000;packet_lambda_per_s=None;packet_size_byte=1500;lambda_mode=flow_per_pair_rate_mbps
376,74,69,500000,124197377071,,slot=124;src=74;dst=69;rate_mbps=1.2;flow_size_byte=500000;packet_lambda_per_s=None;packet_size_byte=1500;lambda_mode=flow_per_pair_rate_mbps
377,68,72,500000,125158150567,,slot=125;src=68;dst=72;rate_mbps=1.2;flow_size_byte=500000;packet_lambda_per_s=None;packet_size_byte=1500;lambda_mode=flow_per_pair_rate_mbps
378,75,71,500000,125603045415,,slot=125;src=75;dst=71;rate_mbps=1.2;flow_size_byte=500000;packet_lambda_per_s=None;packet_size_byte=1500;lambda_mode=flow_per_pair_rate_mbps
379,74,69,500000,125817392292,,slot=125;src=74;dst=69;rate_mbps=1.2;flow_size_byte=500000;packet_lambda_per_s=None;packet_size_byte=1500;lambda_mode=flow_per_pair_rate_mbps
380,70,67,500000,126031007915,,slot=126;src=70;dst=67;rate_mbps=1.2;flow_size_byte=500000;packet_lambda_per_s=None;packet_size_byte=1500;lambda_mode=flow_per_pair_rate_mbps
381,68,72,500000,126781957862,,slot=126;src=68;dst=72;rate_mbps=1.2;flow_size_byte=500000;packet_lambda_per_s=None;packet_size_byte=1500;lambda_mode=flow_per_pair_rate_mbps
382,68,72,500000,126981957862,,slot=126;src=68;dst=72;rate_mbps=1.2;flow_size_byte=500000;packet_lambda_per_s=None;packet_size_byte=1500;lambda_mode=flow_per_pair_rate_mbps
383,67,70,500000,127084171537,,slot=127;src=67;dst=70;rate_mbps=1.2;flow_size_byte=500000;packet_lambda_per_s=None;packet_size_byte=1500;lambda_mode=flow_per_pair_rate_mbps
384,72,68,500000,127633453874,,slot=127;src=72;dst=68;rate_mbps=1.2;flow_size_byte=500000;packet_lambda_per_s=None;packet_size_byte=1500;lambda_mode=flow_per_pair_rate_mbps
385,66,73,500000,129218013457,,slot=129;src=66;dst=73;rate_mbps=1.2;flow_size_byte=500000;packet_lambda_per_s=None;packet_size_byte=1500;lambda_mode=flow_per_pair_rate_mbps
386,68,72,500000,129564484408,,slot=129;src=68;dst=72;rate_mbps=1.2;flow_size_byte=500000;packet_lambda_per_s=None;packet_size_byte=1500;lambda_mode=flow_per_pair_rate_mbps
387,72,68,500000,129807299461,,slot=129;src=72;dst=68;rate_mbps=1.2;flow_size_byte=500000;packet_lambda_per_s=None;packet_size_byte=1500;lambda_mode=flow_per_pair_rate_mbps
388,69,74,500000,130083174751,,slot=130;src=69;dst=74;rate_mbps=1.2;flow_size_byte=500000;packet_lambda_per_s=None;packet_size_byte=1500;lambda_mode=flow_per_pair_rate_mbps
389,66,73,500000,130100833029,,slot=130;src=66;dst=73;rate_mbps=1.2;flow_size_byte=500000;packet_lambda_per_s=None;packet_size_byte=1500;lambda_mode=flow_per_pair_rate_mbps
390,71,75,500000,130550443134,,slot=130;src=71;dst=75;rate_mbps=1.2;flow_size_byte=500000;packet_lambda_per_s=None;packet_size_byte=1500;lambda_mode=flow_per_pair_rate_mbps
391,72,68,500000,130800612422,,slot=130;src=72;dst=68;rate_mbps=1.2;flow_size_byte=500000;packet_lambda_per_s=None;packet_size_byte=1500;lambda_mode=flow_per_pair_rate_mbps
392,69,74,500000,130965567708,,slot=130;src=69;dst=74;rate_mbps=1.2;flow_size_byte=500000;packet_lambda_per_s=None;packet_size_byte=1500;lambda_mode=flow_per_pair_rate_mbps
393,75,71,500000,131072114454,,slot=131;src=75;dst=71;rate_mbps=1.2;flow_size_byte=500000;packet_lambda_per_s=None;packet_size_byte=1500;lambda_mode=flow_per_pair_rate_mbps
394,75,71,500000,131530109789,,slot=131;src=75;dst=71;rate_mbps=1.2;flow_size_byte=500000;packet_lambda_per_s=None;packet_size_byte=1500;lambda_mode=flow_per_pair_rate_mbps
395,71,75,500000,131618299211,,slot=131;src=71;dst=75;rate_mbps=1.2;flow_size_byte=500000;packet_lambda_per_s=None;packet_size_byte=1500;lambda_mode=flow_per_pair_rate_mbps
396,74,69,500000,131997902844,,slot=131;src=74;dst=69;rate_mbps=1.2;flow_size_byte=500000;packet_lambda_per_s=None;packet_size_byte=1500;lambda_mode=flow_per_pair_rate_mbps
397,72,68,500000,132501548281,,slot=132;src=72;dst=68;rate_mbps=1.2;flow_size_byte=500000;packet_lambda_per_s=None;packet_size_byte=1500;lambda_mode=flow_per_pair_rate_mbps
398,66,73,500000,132717177998,,slot=132;src=66;dst=73;rate_mbps=1.2;flow_size_byte=500000;packet_lambda_per_s=None;packet_size_byte=1500;lambda_mode=flow_per_pair_rate_mbps
399,75,71,500000,132753440230,,slot=132;src=75;dst=71;rate_mbps=1.2;flow_size_byte=500000;packet_lambda_per_s=None;packet_size_byte=1500;lambda_mode=flow_per_pair_rate_mbps
400,74,69,500000,132884586227,,slot=132;src=74;dst=69;rate_mbps=1.2;flow_size_byte=500000;packet_lambda_per_s=None;packet_size_byte=1500;lambda_mode=flow_per_pair_rate_mbps
401,75,71,500000,133563832716,,slot=133;src=75;dst=71;rate_mbps=1.2;flow_size_byte=500000;packet_lambda_per_s=None;packet_size_byte=1500;lambda_mode=flow_per_pair_rate_mbps
402,70,67,500000,133824174782,,slot=133;src=70;dst=67;rate_mbps=1.2;flow_size_byte=500000;packet_lambda_per_s=None;packet_size_byte=1500;lambda_mode=flow_per_pair_rate_mbps
403,74,69,500000,133837600334,,slot=133;src=74;dst=69;rate_mbps=1.2;flow_size_byte=500000;packet_lambda_per_s=None;packet_size_byte=1500;lambda_mode=flow_per_pair_rate_mbps
404,73,66,500000,135196604259,,slot=135;src=73;dst=66;rate_mbps=1.2;flow_size_byte=500000;packet_lambda_per_s=None;packet_size_byte=1500;lambda_mode=flow_per_pair_rate_mbps
405,67,70,500000,135645085844,,slot=135;src=67;dst=70;rate_mbps=1.2;flow_size_byte=500000;packet_lambda_per_s=None;packet_size_byte=1500;lambda_mode=flow_per_pair_rate_mbps
406,66,73,500000,135904530579,,slot=135;src=66;dst=73;rate_mbps=1.2;flow_size_byte=500000;packet_lambda_per_s=None;packet_size_byte=1500;lambda_mode=flow_per_pair_rate_mbps
407,73,66,500000,136095890342,,slot=136;src=73;dst=66;rate_mbps=1.2;flow_size_byte=500000;packet_lambda_per_s=None;packet_size_byte=1500;lambda_mode=flow_per_pair_rate_mbps
408,66,73,500000,136111724940,,slot=136;src=66;dst=73;rate_mbps=1.2;flow_size_byte=500000;packet_lambda_per_s=None;packet_size_byte=1500;lambda_mode=flow_per_pair_rate_mbps
409,71,75,500000,136306834833,,slot=136;src=71;dst=75;rate_mbps=1.2;flow_size_byte=500000;packet_lambda_per_s=None;packet_size_byte=1500;lambda_mode=flow_per_pair_rate_mbps
410,68,72,500000,136315142416,,slot=136;src=68;dst=72;rate_mbps=1.2;flow_size_byte=500000;packet_lambda_per_s=None;packet_size_byte=1500;lambda_mode=flow_per_pair_rate_mbps
411,71,75,500000,136580109892,,slot=136;src=71;dst=75;rate_mbps=1.2;flow_size_byte=500000;packet_lambda_per_s=None;packet_size_byte=1500;lambda_mode=flow_per_pair_rate_mbps
412,74,69,500000,136710230525,,slot=136;src=74;dst=69;rate_mbps=1.2;flow_size_byte=500000;packet_lambda_per_s=None;packet_size_byte=1500;lambda_mode=flow_per_pair_rate_mbps
413,71,75,500000,136780109892,,slot=136;src=71;dst=75;rate_mbps=1.2;flow_size_byte=500000;packet_lambda_per_s=None;packet_size_byte=1500;lambda_mode=flow_per_pair_rate_mbps
414,71,75,500000,136980109892,,slot=136;src=71;dst=75;rate_mbps=1.2;flow_size_byte=500000;packet_lambda_per_s=None;packet_size_byte=1500;lambda_mode=flow_per_pair_rate_mbps
415,74,69,500000,137102410223,,slot=137;src=74;dst=69;rate_mbps=1.2;flow_size_byte=500000;packet_lambda_per_s=None;packet_size_byte=1500;lambda_mode=flow_per_pair_rate_mbps
416,66,73,500000,137386879745,,slot=137;src=66;dst=73;rate_mbps=1.2;flow_size_byte=500000;packet_lambda_per_s=None;packet_size_byte=1500;lambda_mode=flow_per_pair_rate_mbps
417,67,70,500000,137446107907,,slot=137;src=67;dst=70;rate_mbps=1.2;flow_size_byte=500000;packet_lambda_per_s=None;packet_size_byte=1500;lambda_mode=flow_per_pair_rate_mbps
418,67,70,500000,137690036791,,slot=137;src=67;dst=70;rate_mbps=1.2;flow_size_byte=500000;packet_lambda_per_s=None;packet_size_byte=1500;lambda_mode=flow_per_pair_rate_mbps
419,70,67,500000,137691330180,,slot=137;src=70;dst=67;rate_mbps=1.2;flow_size_byte=500000;packet_lambda_per_s=None;packet_size_byte=1500;lambda_mode=flow_per_pair_rate_mbps
420,67,70,500000,137947376452,,slot=137;src=67;dst=70;rate_mbps=1.2;flow_size_byte=500000;packet_lambda_per_s=None;packet_size_byte=1500;lambda_mode=flow_per_pair_rate_mbps
421,73,66,500000,138273297695,,slot=138;src=73;dst=66;rate_mbps=1.2;flow_size_byte=500000;packet_lambda_per_s=None;packet_size_byte=1500;lambda_mode=flow_per_pair_rate_mbps
422,66,73,500000,139371498975,,slot=139;src=66;dst=73;rate_mbps=1.2;flow_size_byte=500000;packet_lambda_per_s=None;packet_size_byte=1500;lambda_mode=flow_per_pair_rate_mbps
423,68,72,500000,139526292310,,slot=139;src=68;dst=72;rate_mbps=1.2;flow_size_byte=500000;packet_lambda_per_s=None;packet_size_byte=1500;lambda_mode=flow_per_pair_rate_mbps
424,72,68,500000,139867676805,,slot=139;src=72;dst=68;rate_mbps=1.2;flow_size_byte=500000;packet_lambda_per_s=None;packet_size_byte=1500;lambda_mode=flow_per_pair_rate_mbps
425,75,71,500000,140034002236,,slot=140;src=75;dst=71;rate_mbps=1.2;flow_size_byte=500000;packet_lambda_per_s=None;packet_size_byte=1500;lambda_mode=flow_per_pair_rate_mbps
426,66,73,500000,140143549412,,slot=140;src=66;dst=73;rate_mbps=1.2;flow_size_byte=500000;packet_lambda_per_s=None;packet_size_byte=1500;lambda_mode=flow_per_pair_rate_mbps
427,75,71,500000,140241653891,,slot=140;src=75;dst=71;rate_mbps=1.2;flow_size_byte=500000;packet_lambda_per_s=None;packet_size_byte=1500;lambda_mode=flow_per_pair_rate_mbps
428,70,67,500000,140641940226,,slot=140;src=70;dst=67;rate_mbps=1.2;flow_size_byte=500000;packet_lambda_per_s=None;packet_size_byte=1500;lambda_mode=flow_per_pair_rate_mbps
429,75,71,500000,141231591858,,slot=141;src=75;dst=71;rate_mbps=1.2;flow_size_byte=500000;packet_lambda_per_s=None;packet_size_byte=1500;lambda_mode=flow_per_pair_rate_mbps
430,66,73,500000,142072219317,,slot=142;src=66;dst=73;rate_mbps=1.2;flow_size_byte=500000;packet_lambda_per_s=None;packet_size_byte=1500;lambda_mode=flow_per_pair_rate_mbps
431,70,67,500000,142296153227,,slot=142;src=70;dst=67;rate_mbps=1.2;flow_size_byte=500000;packet_lambda_per_s=None;packet_size_byte=1500;lambda_mode=flow_per_pair_rate_mbps
432,71,75,500000,143048451073,,slot=143;src=71;dst=75;rate_mbps=1.2;flow_size_byte=500000;packet_lambda_per_s=None;packet_size_byte=1500;lambda_mode=flow_per_pair_rate_mbps
433,69,74,500000,143190108248,,slot=143;src=69;dst=74;rate_mbps=1.2;flow_size_byte=500000;packet_lambda_per_s=None;packet_size_byte=1500;lambda_mode=flow_per_pair_rate_mbps
434,68,72,500000,143633161298,,slot=143;src=68;dst=72;rate_mbps=1.2;flow_size_byte=500000;packet_lambda_per_s=None;packet_size_byte=1500;lambda_mode=flow_per_pair_rate_mbps
435,70,67,500000,144037495597,,slot=144;src=70;dst=67;rate_mbps=1.2;flow_size_byte=500000;packet_lambda_per_s=None;packet_size_byte=1500;lambda_mode=flow_per_pair_rate_mbps
436,67,70,500000,144063909048,,slot=144;src=67;dst=70;rate_mbps=1.2;flow_size_byte=500000;packet_lambda_per_s=None;packet_size_byte=1500;lambda_mode=flow_per_pair_rate_mbps
437,75,71,500000,144416614435,,slot=144;src=75;dst=71;rate_mbps=1.2;flow_size_byte=500000;packet_lambda_per_s=None;packet_size_byte=1500;lambda_mode=flow_per_pair_rate_mbps
438,68,72,500000,144460715930,,slot=144;src=68;dst=72;rate_mbps=1.2;flow_size_byte=500000;packet_lambda_per_s=None;packet_size_byte=1500;lambda_mode=flow_per_pair_rate_mbps
439,69,74,500000,145783069868,,slot=145;src=69;dst=74;rate_mbps=1.2;flow_size_byte=500000;packet_lambda_per_s=None;packet_size_byte=1500;lambda_mode=flow_per_pair_rate_mbps
440,73,66,500000,145839220046,,slot=145;src=73;dst=66;rate_mbps=1.2;flow_size_byte=500000;packet_lambda_per_s=None;packet_size_byte=1500;lambda_mode=flow_per_pair_rate_mbps
441,67,70,500000,146070253054,,slot=146;src=67;dst=70;rate_mbps=1.2;flow_size_byte=500000;packet_lambda_per_s=None;packet_size_byte=1500;lambda_mode=flow_per_pair_rate_mbps
442,66,73,500000,146283662606,,slot=146;src=66;dst=73;rate_mbps=1.2;flow_size_byte=500000;packet_lambda_per_s=None;packet_size_byte=1500;lambda_mode=flow_per_pair_rate_mbps
443,67,70,500000,146304708656,,slot=146;src=67;dst=70;rate_mbps=1.2;flow_size_byte=500000;packet_lambda_per_s=None;packet_size_byte=1500;lambda_mode=flow_per_pair_rate_mbps
444,67,70,500000,146504708656,,slot=146;src=67;dst=70;rate_mbps=1.2;flow_size_byte=500000;packet_lambda_per_s=None;packet_size_byte=1500;lambda_mode=flow_per_pair_rate_mbps
445,74,69,500000,147866880167,,slot=147;src=74;dst=69;rate_mbps=1.2;flow_size_byte=500000;packet_lambda_per_s=None;packet_size_byte=1500;lambda_mode=flow_per_pair_rate_mbps
446,71,75,500000,148098919022,,slot=148;src=71;dst=75;rate_mbps=1.2;flow_size_byte=500000;packet_lambda_per_s=None;packet_size_byte=1500;lambda_mode=flow_per_pair_rate_mbps
447,66,73,500000,148299085791,,slot=148;src=66;dst=73;rate_mbps=1.2;flow_size_byte=500000;packet_lambda_per_s=None;packet_size_byte=1500;lambda_mode=flow_per_pair_rate_mbps
448,75,71,500000,148367922917,,slot=148;src=75;dst=71;rate_mbps=1.2;flow_size_byte=500000;packet_lambda_per_s=None;packet_size_byte=1500;lambda_mode=flow_per_pair_rate_mbps
449,72,68,500000,149353692148,,slot=149;src=72;dst=68;rate_mbps=1.2;flow_size_byte=500000;packet_lambda_per_s=None;packet_size_byte=1500;lambda_mode=flow_per_pair_rate_mbps
450,75,71,500000,149886134021,,slot=149;src=75;dst=71;rate_mbps=1.2;flow_size_byte=500000;packet_lambda_per_s=None;packet_size_byte=1500;lambda_mode=flow_per_pair_rate_mbps
451,66,73,500000,150624191277,,slot=150;src=66;dst=73;rate_mbps=1.2;flow_size_byte=500000;packet_lambda_per_s=None;packet_size_byte=1500;lambda_mode=flow_per_pair_rate_mbps
452,70,67,500000,150656733606,,slot=150;src=70;dst=67;rate_mbps=1.2;flow_size_byte=500000;packet_lambda_per_s=None;packet_size_byte=1500;lambda_mode=flow_per_pair_rate_mbps
453,73,66,500000,150896324138,,slot=150;src=73;dst=66;rate_mbps=1.2;flow_size_byte=500000;packet_lambda_per_s=None;packet_size_byte=1500;lambda_mode=flow_per_pair_rate_mbps
454,73,66,500000,151186244630,,slot=151;src=73;dst=66;rate_mbps=1.2;flow_size_byte=500000;packet_lambda_per_s=None;packet_size_byte=1500;lambda_mode=flow_per_pair_rate_mbps
455,71,75,500000,151293454581,,slot=151;src=71;dst=75;rate_mbps=1.2;flow_size_byte=500000;packet_lambda_per_s=None;packet_size_byte=1500;lambda_mode=flow_per_pair_rate_mbps
456,71,75,500000,151689372752,,slot=151;src=71;dst=75;rate_mbps=1.2;flow_size_byte=500000;packet_lambda_per_s=None;packet_size_byte=1500;lambda_mode=flow_per_pair_rate_mbps
457,72,68,500000,152111184037,,slot=152;src=72;dst=68;rate_mbps=1.2;flow_size_byte=500000;packet_lambda_per_s=None;packet_size_byte=1500;lambda_mode=flow_per_pair_rate_mbps
458,74,69,500000,152266806087,,slot=152;src=74;dst=69;rate_mbps=1.2;flow_size_byte=500000;packet_lambda_per_s=None;packet_size_byte=1500;lambda_mode=flow_per_pair_rate_mbps
459,67,70,500000,152799744625,,slot=152;src=67;dst=70;rate_mbps=1.2;flow_size_byte=500000;packet_lambda_per_s=None;packet_size_byte=1500;lambda_mode=flow_per_pair_rate_mbps
460,73,66,500000,152937396121,,slot=152;src=73;dst=66;rate_mbps=1.2;flow_size_byte=500000;packet_lambda_per_s=None;packet_size_byte=1500;lambda_mode=flow_per_pair_rate_mbps
461,74,69,500000,153250144967,,slot=153;src=74;dst=69;rate_mbps=1.2;flow_size_byte=500000;packet_lambda_per_s=None;packet_size_byte=1500;lambda_mode=flow_per_pair_rate_mbps
462,70,67,500000,153478492103,,slot=153;src=70;dst=67;rate_mbps=1.2;flow_size_byte=500000;packet_lambda_per_s=None;packet_size_byte=1500;lambda_mode=flow_per_pair_rate_mbps
463,66,73,500000,153575484880,,slot=153;src=66;dst=73;rate_mbps=1.2;flow_size_byte=500000;packet_lambda_per_s=None;packet_size_byte=1500;lambda_mode=flow_per_pair_rate_mbps
464,67,70,500000,153928985190,,slot=153;src=67;dst=70;rate_mbps=1.2;flow_size_byte=500000;packet_lambda_per_s=None;packet_size_byte=1500;lambda_mode=flow_per_pair_rate_mbps
465,75,71,500000,153987238000,,slot=153;src=75;dst=71;rate_mbps=1.2;flow_size_byte=500000;packet_lambda_per_s=None;packet_size_byte=1500;lambda_mode=flow_per_pair_rate_mbps
466,69,74,500000,154083161659,,slot=154;src=69;dst=74;rate_mbps=1.2;flow_size_byte=500000;packet_lambda_per_s=None;packet_size_byte=1500;lambda_mode=flow_per_pair_rate_mbps
467,68,72,500000,154116562096,,slot=154;src=68;dst=72;rate_mbps=1.2;flow_size_byte=500000;packet_lambda_per_s=None;packet_size_byte=1500;lambda_mode=flow_per_pair_rate_mbps
468,67,70,500000,154137101929,,slot=154;src=67;dst=70;rate_mbps=1.2;flow_size_byte=500000;packet_lambda_per_s=None;packet_size_byte=1500;lambda_mode=flow_per_pair_rate_mbps
469,68,72,500000,154530280645,,slot=154;src=68;dst=72;rate_mbps=1.2;flow_size_byte=500000;packet_lambda_per_s=None;packet_size_byte=1500;lambda_mode=flow_per_pair_rate_mbps
470,68,72,500000,154730280645,,slot=154;src=68;dst=72;rate_mbps=1.2;flow_size_byte=500000;packet_lambda_per_s=None;packet_size_byte=1500;lambda_mode=flow_per_pair_rate_mbps
471,72,68,500000,154743084442,,slot=154;src=72;dst=68;rate_mbps=1.2;flow_size_byte=500000;packet_lambda_per_s=None;packet_size_byte=1500;lambda_mode=flow_per_pair_rate_mbps
472,73,66,500000,155033193927,,slot=155;src=73;dst=66;rate_mbps=1.2;flow_size_byte=500000;packet_lambda_per_s=None;packet_size_byte=1500;lambda_mode=flow_per_pair_rate_mbps
473,67,70,500000,156078210162,,slot=156;src=67;dst=70;rate_mbps=1.2;flow_size_byte=500000;packet_lambda_per_s=None;packet_size_byte=1500;lambda_mode=flow_per_pair_rate_mbps
474,69,74,500000,156177058580,,slot=156;src=69;dst=74;rate_mbps=1.2;flow_size_byte=500000;packet_lambda_per_s=None;packet_size_byte=1500;lambda_mode=flow_per_pair_rate_mbps
475,72,68,500000,156287374429,,slot=156;src=72;dst=68;rate_mbps=1.2;flow_size_byte=500000;packet_lambda_per_s=None;packet_size_byte=1500;lambda_mode=flow_per_pair_rate_mbps
476,75,71,500000,156572643260,,slot=156;src=75;dst=71;rate_mbps=1.2;flow_size_byte=500000;packet_lambda_per_s=None;packet_size_byte=1500;lambda_mode=flow_per_pair_rate_mbps
477,68,72,500000,156792170307,,slot=156;src=68;dst=72;rate_mbps=1.2;flow_size_byte=500000;packet_lambda_per_s=None;packet_size_byte=1500;lambda_mode=flow_per_pair_rate_mbps
478,73,66,500000,156908090255,,slot=156;src=73;dst=66;rate_mbps=1.2;flow_size_byte=500000;packet_lambda_per_s=None;packet_size_byte=1500;lambda_mode=flow_per_pair_rate_mbps
479,71,75,500000,156984513407,,slot=156;src=71;dst=75;rate_mbps=1.2;flow_size_byte=500000;packet_lambda_per_s=None;packet_size_byte=1500;lambda_mode=flow_per_pair_rate_mbps
480,73,66,500000,158322783064,,slot=158;src=73;dst=66;rate_mbps=1.2;flow_size_byte=500000;packet_lambda_per_s=None;packet_size_byte=1500;lambda_mode=flow_per_pair_rate_mbps
481,71,75,500000,158375648724,,slot=158;src=71;dst=75;rate_mbps=1.2;flow_size_byte=500000;packet_lambda_per_s=None;packet_size_byte=1500;lambda_mode=flow_per_pair_rate_mbps
482,73,66,500000,158686944958,,slot=158;src=73;dst=66;rate_mbps=1.2;flow_size_byte=500000;packet_lambda_per_s=None;packet_size_byte=1500;lambda_mode=flow_per_pair_rate_mbps
483,74,69,500000,158953408830,,slot=158;src=74;dst=69;rate_mbps=1.2;flow_size_byte=500000;packet_lambda_per_s=None;packet_size_byte=1500;lambda_mode=flow_per_pair_rate_mbps
484,74,69,500000,159495490629,,slot=159;src=74;dst=69;rate_mbps=1.2;flow_size_byte=500000;packet_lambda_per_s=None;packet_size_byte=1500;lambda_mode=flow_per_pair_rate_mbps
485,75,71,500000,159613251971,,slot=159;src=75;dst=71;rate_mbps=1.2;flow_size_byte=500000;packet_lambda_per_s=None;packet_size_byte=1500;lambda_mode=flow_per_pair_rate_mbps
486,74,69,500000,159755612420,,slot=159;src=74;dst=69;rate_mbps=1.2;flow_size_byte=500000;packet_lambda_per_s=None;packet_size_byte=1500;lambda_mode=flow_per_pair_rate_mbps
487,75,71,500000,159844483424,,slot=159;src=75;dst=71;rate_mbps=1.2;flow_size_byte=500000;packet_lambda_per_s=None;packet_size_byte=1500;lambda_mode=flow_per_pair_rate_mbps
488,73,66,500000,160536800715,,slot=160;src=73;dst=66;rate_mbps=1.2;flow_size_byte=500000;packet_lambda_per_s=None;packet_size_byte=1500;lambda_mode=flow_per_pair_rate_mbps
489,66,73,500000,160659575224,,slot=160;src=66;dst=73;rate_mbps=1.2;flow_size_byte=500000;packet_lambda_per_s=None;packet_size_byte=1500;lambda_mode=flow_per_pair_rate_mbps
490,74,69,500000,161864881582,,slot=161;src=74;dst=69;rate_mbps=1.2;flow_size_byte=500000;packet_lambda_per_s=None;packet_size_byte=1500;lambda_mode=flow_per_pair_rate_mbps
491,72,68,500000,162752499762,,slot=162;src=72;dst=68;rate_mbps=1.2;flow_size_byte=500000;packet_lambda_per_s=None;packet_size_byte=1500;lambda_mode=flow_per_pair_rate_mbps
492,66,73,500000,163044359682,,slot=163;src=66;dst=73;rate_mbps=1.2;flow_size_byte=500000;packet_lambda_per_s=None;packet_size_byte=1500;lambda_mode=flow_per_pair_rate_mbps
493,69,74,500000,163081551300,,slot=163;src=69;dst=74;rate_mbps=1.2;flow_size_byte=500000;packet_lambda_per_s=None;packet_size_byte=1500;lambda_mode=flow_per_pair_rate_mbps
494,66,73,500000,163244359682,,slot=163;src=66;dst=73;rate_mbps=1.2;flow_size_byte=500000;packet_lambda_per_s=None;packet_size_byte=1500;lambda_mode=flow_per_pair_rate_mbps
495,75,71,500000,163284184124,,slot=163;src=75;dst=71;rate_mbps=1.2;flow_size_byte=500000;packet_lambda_per_s=None;packet_size_byte=1500;lambda_mode=flow_per_pair_rate_mbps
496,74,69,500000,163640341818,,slot=163;src=74;dst=69;rate_mbps=1.2;flow_size_byte=500000;packet_lambda_per_s=None;packet_size_byte=1500;lambda_mode=flow_per_pair_rate_mbps
497,72,68,500000,164765463561,,slot=164;src=72;dst=68;rate_mbps=1.2;flow_size_byte=500000;packet_lambda_per_s=None;packet_size_byte=1500;lambda_mode=flow_per_pair_rate_mbps
498,73,66,500000,165226854062,,slot=165;src=73;dst=66;rate_mbps=1.2;flow_size_byte=500000;packet_lambda_per_s=None;packet_size_byte=1500;lambda_mode=flow_per_pair_rate_mbps
499,69,74,500000,165425137726,,slot=165;src=69;dst=74;rate_mbps=1.2;flow_size_byte=500000;packet_lambda_per_s=None;packet_size_byte=1500;lambda_mode=flow_per_pair_rate_mbps
500,66,73,500000,165519417961,,slot=165;src=66;dst=73;rate_mbps=1.2;flow_size_byte=500000;packet_lambda_per_s=None;packet_size_byte=1500;lambda_mode=flow_per_pair_rate_mbps
501,68,72,500000,166325872344,,slot=166;src=68;dst=72;rate_mbps=1.2;flow_size_byte=500000;packet_lambda_per_s=None;packet_size_byte=1500;lambda_mode=flow_per_pair_rate_mbps
502,69,74,500000,166453291621,,slot=166;src=69;dst=74;rate_mbps=1.2;flow_size_byte=500000;packet_lambda_per_s=None;packet_size_byte=1500;lambda_mode=flow_per_pair_rate_mbps
503,73,66,500000,166481253102,,slot=166;src=73;dst=66;rate_mbps=1.2;flow_size_byte=500000;packet_lambda_per_s=None;packet_size_byte=1500;lambda_mode=flow_per_pair_rate_mbps
504,75,71,500000,166490560852,,slot=166;src=75;dst=71;rate_mbps=1.2;flow_size_byte=500000;packet_lambda_per_s=None;packet_size_byte=1500;lambda_mode=flow_per_pair_rate_mbps
505,66,73,500000,166725729111,,slot=166;src=66;dst=73;rate_mbps=1.2;flow_size_byte=500000;packet_lambda_per_s=None;packet_size_byte=1500;lambda_mode=flow_per_pair_rate_mbps
506,72,68,500000,167098275399,,slot=167;src=72;dst=68;rate_mbps=1.2;flow_size_byte=500000;packet_lambda_per_s=None;packet_size_byte=1500;lambda_mode=flow_per_pair_rate_mbps
507,71,75,500000,167199390075,,slot=167;src=71;dst=75;rate_mbps=1.2;flow_size_byte=500000;packet_lambda_per_s=None;packet_size_byte=1500;lambda_mode=flow_per_pair_rate_mbps
508,72,68,500000,167298275399,,slot=167;src=72;dst=68;rate_mbps=1.2;flow_size_byte=500000;packet_lambda_per_s=None;packet_size_byte=1500;lambda_mode=flow_per_pair_rate_mbps
509,71,75,500000,167399390075,,slot=167;src=71;dst=75;rate_mbps=1.2;flow_size_byte=500000;packet_lambda_per_s=None;packet_size_byte=1500;lambda_mode=flow_per_pair_rate_mbps
510,70,67,500000,167907664825,,slot=167;src=70;dst=67;rate_mbps=1.2;flow_size_byte=500000;packet_lambda_per_s=None;packet_size_byte=1500;lambda_mode=flow_per_pair_rate_mbps
511,73,66,500000,168535687883,,slot=168;src=73;dst=66;rate_mbps=1.2;flow_size_byte=500000;packet_lambda_per_s=None;packet_size_byte=1500;lambda_mode=flow_per_pair_rate_mbps
512,68,72,500000,168686709028,,slot=168;src=68;dst=72;rate_mbps=1.2;flow_size_byte=500000;packet_lambda_per_s=None;packet_size_byte=1500;lambda_mode=flow_per_pair_rate_mbps
513,73,66,500000,168909228442,,slot=168;src=73;dst=66;rate_mbps=1.2;flow_size_byte=500000;packet_lambda_per_s=None;packet_size_byte=1500;lambda_mode=flow_per_pair_rate_mbps
514,70,67,500000,169344786272,,slot=169;src=70;dst=67;rate_mbps=1.2;flow_size_byte=500000;packet_lambda_per_s=None;packet_size_byte=1500;lambda_mode=flow_per_pair_rate_mbps
515,69,74,500000,169416190470,,slot=169;src=69;dst=74;rate_mbps=1.2;flow_size_byte=500000;packet_lambda_per_s=None;packet_size_byte=1500;lambda_mode=flow_per_pair_rate_mbps
516,67,70,500000,169644992406,,slot=169;src=67;dst=70;rate_mbps=1.2;flow_size_byte=500000;packet_lambda_per_s=None;packet_size_byte=1500;lambda_mode=flow_per_pair_rate_mbps
